alumniId,name,normalizedName,description,source,clusterId,embedding
alumni-9ba0abad0aaa,A.M. Hendropriyono,a.m. hendropriyono,,https://github.com/burhansa25/graph,,
alumni-b50ef5d900fa,Aang Hamid Suganda,aang hamid suganda,,https://github.com/burhansa25/graph,,
alumni-d118d7c689ee,Abcandra Muhammad Akbar Supratman,abcandra muhammad akbar supratman,,https://github.com/burhansa25/graph,,
alumni-54715d61fe49,Abdul Halim Iskandar,abdul halim iskandar,,https://github.com/burhansa25/graph,,
alumni-a8c1d7fa5e76,Abdul Kadir Jailani,abdul kadir jailani,,https://github.com/burhansa25/graph,,
alumni-e490345eba22,Abdul Kadir Jailani,abdul kadir jailani,,https://github.com/burhansa25/graph,,
alumni-13aa940bbe83,Abdul Mu'ti,abdul mu'ti,,https://github.com/burhansa25/graph,,
alumni-7e922764d4d1,Abdul Mu'ti,abdul mu'ti,,https://github.com/burhansa25/graph,,
alumni-1490d2bdf64f,Abdul Wahab Dalimunthe,abdul wahab dalimunthe,,https://github.com/burhansa25/graph,,
alumni-8a8e94397a93,Abdul Wahid (politician),abdul wahid (politician),,https://github.com/burhansa25/graph,,
alumni-d00d5a7c4bfc,Abdullah Azwar Anas,abdullah azwar anas,,https://github.com/burhansa25/graph,,
alumni-f15d6e3d8964,Abdullah Gymnastiar,abdullah gymnastiar,,https://github.com/burhansa25/graph,,
alumni-882fddb5e01a,Abdullah Mahmud Hendropriyono,abdullah mahmud hendropriyono,,https://github.com/burhansa25/graph,,
alumni-3d88ec4ed6f4,Abel Pires da Silva,abel pires da silva,,https://github.com/burhansa25/graph,,
alumni-827c5e85cc13,Abraham Samad,abraham samad,,https://github.com/burhansa25/graph,,
alumni-4741ecd91b8c,Aburizal Bakrie,aburizal bakrie,,https://github.com/burhansa25/graph,,
alumni-1e5bec94c415,Ace Hasan Syadzily,ace hasan syadzily,,https://github.com/burhansa25/graph,,
alumni-75ee6316de59,Ace Hasan Syadzily,ace hasan syadzily,,https://github.com/burhansa25/graph,,
alumni-ef9cbc0c5362,Ace Hasan Syadzily,ace hasan syadzily,,https://github.com/burhansa25/graph,,
alumni-530855e97407,Achir Yani Hamid,achir yani hamid,,https://github.com/burhansa25/graph,,
alumni-dc921b4e500c,Achjani Atmakusuma,achjani atmakusuma,,https://github.com/burhansa25/graph,,
alumni-71ac2312e3e6,Achmad Hulaefi,achmad hulaefi,,https://github.com/burhansa25/graph,,
alumni-64fe55cac24c,Achmad Mubarok,achmad mubarok,,https://github.com/burhansa25/graph,,
alumni-707520da7f68,Achmad Yurianto,achmad yurianto,,https://github.com/burhansa25/graph,,
alumni-3e3a64de8ea2,Achmad Zaky,achmad zaky,,https://github.com/burhansa25/graph,,
alumni-ac858a6b6f5e,Adalgisa Ximenes,adalgisa ximenes,,https://github.com/burhansa25/graph,,
alumni-00a4de90ddae,Adam Rahayaan,adam rahayaan,,https://github.com/burhansa25/graph,,
alumni-3542d9dc80be,Adang Surahman,adang surahman,,https://github.com/burhansa25/graph,,
alumni-746e540e62b2,Adhyaksa Dault,adhyaksa dault,,https://github.com/burhansa25/graph,,
alumni-d4a0cec46a9c,Adhyaksa Dault,adhyaksa dault,,https://github.com/burhansa25/graph,,
alumni-967d6b70ebf0,Adi Darma,adi darma,,https://github.com/burhansa25/graph,,
alumni-c41f15068d7b,Adi Utarini,adi utarini,,https://github.com/burhansa25/graph,,
alumni-7c261c6e1d40,Adrianus Mooy,adrianus mooy,,https://github.com/burhansa25/graph,,
alumni-0803dcaa1add,Afdhal Khalilullah,afdhal khalilullah,,https://github.com/burhansa25/graph,,
alumni-1044c2227a7f,Agni Pratistha,agni pratistha,,https://github.com/burhansa25/graph,,
alumni-95edb628aee3,Agum Gumelar,agum gumelar,,https://github.com/burhansa25/graph,,
alumni-d46922f146a1,Agung Afif,agung afif,,https://github.com/burhansa25/graph,,
alumni-e11958ec3962,Agung Cahaya Sumirat,agung cahaya sumirat,,https://github.com/burhansa25/graph,,
alumni-39ee0c8c42e5,Agung Laksono,agung laksono,,https://github.com/burhansa25/graph,,
alumni-8fc6f4c23b89,Agus Hermanto,agus hermanto,,https://github.com/burhansa25/graph,,
alumni-80e1a2910d83,Agus Isrok Mikroj,agus isrok mikroj,,https://github.com/burhansa25/graph,,
alumni-5a166138daa0,Agus Subiyanto,agus subiyanto,,https://github.com/burhansa25/graph,,
alumni-c5f05b6d63c0,Agus Suhartono,agus suhartono,,https://github.com/burhansa25/graph,,
alumni-1db36566fcbf,Ahmad Ali (Indonesian politician),ahmad ali (indonesian politician),,https://github.com/burhansa25/graph,,
alumni-389e461e2b5e,Ahmad Syaikhu,ahmad syaikhu,,https://github.com/burhansa25/graph,,
alumni-ca8c4caeb4e8,Ahmad Syaikhu,ahmad syaikhu,,https://en.wikipedia.org/wiki/Ahmad_Syaikhu,,
alumni-fdc83d3ffb32,Ahmad Taufik,ahmad taufik,,https://github.com/burhansa25/graph,,
alumni-221807c147a8,Ahmad Wahib,ahmad wahib,,https://github.com/burhansa25/graph,,
alumni-e8a21fe34b18,Airin Rachmi Diany,airin rachmi diany,,https://github.com/burhansa25/graph,,
alumni-c2a6a512739c,Akhmaloka,akhmaloka,,https://github.com/burhansa25/graph,,
alumni-3bbbed602386,Albert Hasibuan,albert hasibuan,,https://github.com/burhansa25/graph,,
alumni-eca7029bca94,Albert Hasibuan,albert hasibuan,,https://github.com/burhansa25/graph,,
alumni-e6674530e4f3,Alessandra Usman,alessandra usman,,https://github.com/burhansa25/graph,,
alumni-98c3872ad4f4,Ali Alwi,ali alwi,,https://github.com/burhansa25/graph,,
alumni-25e2467e2206,Ali Baal Masdar,ali baal masdar,,https://github.com/burhansa25/graph,,
alumni-9a45321c8f6f,Ali Basrah,ali basrah,,https://github.com/burhansa25/graph,,
alumni-34343ab2816f,Ali Shahab,ali shahab,,https://github.com/burhansa25/graph,,
alumni-8d11dcfe7d4c,Ali Taher,ali taher,,https://github.com/burhansa25/graph,,
alumni-4be42a0b6adb,Alvin Lie,alvin lie,,https://github.com/burhansa25/graph,,
alumni-356b83fb34d5,Alya Rohali,alya rohali,,https://github.com/burhansa25/graph,,
alumni-27675cd05ce1,Amany Lubis,amany lubis,,https://github.com/burhansa25/graph,,
alumni-81394c265ea2,Amarulla Octavian,amarulla octavian,,https://github.com/burhansa25/graph,,
alumni-97a3ef13ce10,Amin Syam,amin syam,,https://github.com/burhansa25/graph,,
alumni-a075508ceb4d,Amir Hamzah,amir hamzah,,https://github.com/burhansa25/graph,,
alumni-6973bc228282,Amir Machmud,amir machmud,,https://github.com/burhansa25/graph,,
alumni-73ead9d246cd,Amran Sulaiman,amran sulaiman,,https://github.com/burhansa25/graph,,
alumni-a90ee5bebe95,Amru Daulay,amru daulay,,https://github.com/burhansa25/graph,,
alumni-c7d0ebc0cc7d,Anang Iskandar,anang iskandar,,https://en.wikipedia.org/wiki/Anang_Iskandar,,
alumni-de62e7319cb0,Andhika Chrisnayudhanto,andhika chrisnayudhanto,,https://github.com/burhansa25/graph,,
alumni-070fccccad1d,Andi Harun,andi harun,,https://github.com/burhansa25/graph,,
alumni-11a7246d6f94,Andi Rasdiyanah Amir,andi rasdiyanah amir,,https://github.com/burhansa25/graph,,
alumni-6359e438b046,Andi Sumangerukka,andi sumangerukka,,https://github.com/burhansa25/graph,,
alumni-441421be210d,Andi Tenri Natassa,andi tenri natassa,,https://github.com/burhansa25/graph,,
alumni-7929bf36dfb1,Andreano Erwin,andreano erwin,,https://github.com/burhansa25/graph,,
alumni-27e5e7188911,Anindya Kusuma Putri,anindya kusuma putri,,https://github.com/burhansa25/graph,,
alumni-b97405dc7019,Anita Lidya Luhulima,anita lidya luhulima,,https://github.com/burhansa25/graph,,
alumni-f1c0d8562c5a,Ansar Ahmad (Indonesian politician),ansar ahmad (indonesian politician),,https://github.com/burhansa25/graph,,
alumni-a3b7a0a3e1b7,Antasari Azhar,antasari azhar,,https://github.com/burhansa25/graph,,
alumni-221066e00cde,Apolo Safanpo,apolo safanpo,,https://github.com/burhansa25/graph,,
alumni-4b4407c3e291,Apolo Safanpo,apolo safanpo,,https://github.com/burhansa25/graph,,
alumni-acca4a06e3e2,Apolo Safanpo,apolo safanpo,,https://github.com/burhansa25/graph,,
alumni-77df7da3a911,Apridar,apridar,,https://github.com/burhansa25/graph,,
alumni-3b5bc4345882,Arcandra Tahar,arcandra tahar,,https://github.com/burhansa25/graph,,
alumni-4076e955ac3a,Ardi Hermawan,ardi hermawan,,https://github.com/burhansa25/graph,,
alumni-5038bcac7dd7,Ari Kuncoro,ari kuncoro,,https://en.wikipedia.org/wiki/Ari_Kuncoro,,
alumni-10df1ff63523,Ari Lasso,ari lasso,,https://github.com/burhansa25/graph,,
alumni-48e376370d94,Arief Hidayat,arief hidayat,,https://github.com/burhansa25/graph,,
alumni-8d4c9f1fbf30,Arief Hidayat,arief hidayat,,https://en.wikipedia.org/wiki/Arief_Hidayat,,
alumni-9dc05e4b4fb6,Arief Hidayat,arief hidayat,,https://en.wikipedia.org/wiki/Arief_Hidayat,,
alumni-7a9205071f43,Arief Hidayat (diplomat),arief hidayat (diplomat),,https://github.com/burhansa25/graph,,
alumni-930998385c3b,Arief Rachadiono Wismansyah,arief rachadiono wismansyah,,https://github.com/burhansa25/graph,,
alumni-e1760f31d147,Arief Rachadiono Wismansyah,arief rachadiono wismansyah,,https://github.com/burhansa25/graph,,
alumni-f79ff110ab92,Arief Yahya,arief yahya,,https://github.com/burhansa25/graph,,
alumni-dfcd33f765f4,Arif Budimanta,arif budimanta,,https://github.com/burhansa25/graph,,
alumni-89541d80f8fc,Arifin Tasrif,arifin tasrif,,https://github.com/burhansa25/graph,,
alumni-062abb5e7854,Arinal Djunaidi,arinal djunaidi,,https://github.com/burhansa25/graph,,
alumni-2d1b22018539,Arinal Djunaidi,arinal djunaidi,,https://github.com/burhansa25/graph,,
alumni-ef279d023d77,Arinal Djunaidi,arinal djunaidi,,https://github.com/burhansa25/graph,,
alumni-5f30c9b840b5,Arsyadjuliandi Rachman,arsyadjuliandi rachman,,https://github.com/burhansa25/graph,,
alumni-6d53df8bdcd7,Arteria Dahlan,arteria dahlan,,https://github.com/burhansa25/graph,,
alumni-30779f3c2dea,Artika Sari Devi,artika sari devi,,https://github.com/burhansa25/graph,,
alumni-021d5d751dd0,Ary Egahni Ben Bahat,ary egahni ben bahat,,https://github.com/burhansa25/graph,,
alumni-1be3396d3afa,Ary Egahni Ben Bahat,ary egahni ben bahat,,https://github.com/burhansa25/graph,,
alumni-ca365abadf6f,Asep Kambali,asep kambali,,https://github.com/burhansa25/graph,,
alumni-15b5e727e80f,Aswanto,aswanto,,https://github.com/burhansa25/graph,,
alumni-81862e9a5dff,Aswanto,aswanto,,https://github.com/burhansa25/graph,,
alumni-a67e0e7a0858,Aswanto,aswanto,,https://github.com/burhansa25/graph,,
alumni-573f3614e4bb,Asyifa Latief,asyifa latief,,https://github.com/burhansa25/graph,,
alumni-94e5f6b85aa6,Awang Faroek Ishak,awang faroek ishak,,https://github.com/burhansa25/graph,,
alumni-855437aee287,Ayang Utriza Yakin,ayang utriza yakin,,https://github.com/burhansa25/graph,,
alumni-e2061c074d23,Ayu Diandra Sari,ayu diandra sari,,https://github.com/burhansa25/graph,,
alumni-7bc5e33dd0ad,Ayu Maulida,ayu maulida,,https://github.com/burhansa25/graph,,
alumni-7219889d1bbd,Ayu Purwarianti,ayu purwarianti,,https://github.com/burhansa25/graph,,
alumni-d00b8df441fd,Ayu Saraswati,ayu saraswati,,https://github.com/burhansa25/graph,,
alumni-e13357824b1f,Azis Syamsuddin,azis syamsuddin,,https://github.com/burhansa25/graph,,
alumni-c5efc3477d07,Azriana Manalu,azriana manalu,,https://github.com/burhansa25/graph,,
alumni-34f4d2216bc6,Azwar Abubakar,azwar abubakar,,https://github.com/burhansa25/graph,,
alumni-b301c38aff73,Azwar Abubakar,azwar abubakar,,https://github.com/burhansa25/graph,,
alumni-efe36937ad63,Azwar Anas,azwar anas,,https://github.com/burhansa25/graph,,
alumni-04623bbef7f7,Azyumardi Azra,azyumardi azra,,https://en.wikipedia.org/wiki/Azyumardi_Azra,,
alumni-629d9b3dbfd3,Azyumardi Azra,azyumardi azra,,https://github.com/burhansa25/graph,,
alumni-ad2011d225af,Bachtiar Aly,bachtiar aly,,https://en.wikipedia.org/wiki/Bachtiar_Aly,,
alumni-0728fbf218aa,Bagus Alit Sucipta,bagus alit sucipta,,https://github.com/burhansa25/graph,,
alumni-b9fabf0a15be,Bambang Brodjonegoro,bambang brodjonegoro,,https://en.wikipedia.org/wiki/Bambang_Brodjonegoro,,
alumni-8ea44258ce09,Bambang Harymurti,bambang harymurti,,https://github.com/burhansa25/graph,,
alumni-16f3062fc593,Bambang Kesowo,bambang kesowo,,https://github.com/burhansa25/graph,,
alumni-9683c2cfed4a,Bambang Subianto,bambang subianto,,https://github.com/burhansa25/graph,,
alumni-8ad8745d8d98,Bambang Sudibyo,bambang sudibyo,,https://github.com/burhansa25/graph,,
alumni-df2303ca84dd,Bambang Suharto,bambang suharto,,https://github.com/burhansa25/graph,,
alumni-7797a354c1a6,Bambang Suryadi,bambang suryadi,,https://github.com/burhansa25/graph,,
alumni-7f48c932c583,Bambang Suryadi,bambang suryadi,,https://github.com/burhansa25/graph,,
alumni-f25e91de9b33,Bambang Suryadi,bambang suryadi,,https://github.com/burhansa25/graph,,
alumni-948af3aa4460,Bambang Susantono,bambang susantono,,https://github.com/burhansa25/graph,,
alumni-48b89dad4270,Bashar Jaafari,bashar jaafari,,https://github.com/burhansa25/graph,,
alumni-b72c8c9b9a9c,Basuki Hadimuljono,basuki hadimuljono,,https://github.com/burhansa25/graph,,
alumni-34e432971627,Ben Mang Reng Say,ben mang reng say,,https://github.com/burhansa25/graph,,
alumni-a9f504dd1688,Benhard Sitohang,benhard sitohang,,https://github.com/burhansa25/graph,,
alumni-5516790fa2c8,Benni Warlis,benni warlis,,https://github.com/burhansa25/graph,,
alumni-99c7ea49c64f,Benny Prawira Siauw,benny prawira siauw,,https://github.com/burhansa25/graph,,
alumni-d20dc8f6cefd,Benny Rhamdani,benny rhamdani,,https://github.com/burhansa25/graph,,
alumni-3440d255ce12,BeritaSatu Media Holdings,beritasatu media holdings,,https://github.com/burhansa25/graph,,
alumni-2c917cab065d,Berlian Helmy,berlian helmy,,https://github.com/burhansa25/graph,,
alumni-c9d97a790d80,Bibit Waluyo,bibit waluyo,,https://github.com/burhansa25/graph,,
alumni-166a96330676,Bima Arya Sugiarto,bima arya sugiarto,,https://en.wikipedia.org/wiki/Bima_Arya_Sugiarto,,
alumni-a9838c80fc33,Bima Arya Sugiarto,bima arya sugiarto,,https://github.com/burhansa25/graph,,
alumni-cdd01e9589d7,Biyanto Rebin,biyanto rebin,,https://github.com/burhansa25/graph,,
alumni-507175501478,Bobby Nasution,bobby nasution,,https://github.com/burhansa25/graph,,
alumni-3d6214293322,Bondan Kanumoyoso,bondan kanumoyoso,,https://github.com/burhansa25/graph,,
alumni-c481ba26db5f,Bonifasius Belawan Geh,bonifasius belawan geh,,https://github.com/burhansa25/graph,,
alumni-0a9188856cce,Bonnie Triyana,bonnie triyana,,https://github.com/burhansa25/graph,,
alumni-31a551aea30b,Brian Yuliarto,brian yuliarto,,https://github.com/burhansa25/graph,,
alumni-825583fbd36c,Brigida Antónia Correia,brigida antónia correia,,https://github.com/burhansa25/graph,,
alumni-e358079fbd96,Budi Karya Sumadi,budi karya sumadi,,https://github.com/burhansa25/graph,,
alumni-e78432095b66,Budi Rahardjo,budi rahardjo,,https://github.com/burhansa25/graph,,
alumni-b7c33f1a4a88,Budiharjo Sukmadi,budiharjo sukmadi,,https://github.com/burhansa25/graph,,
alumni-e3288d9098da,Budiman Sudjatmiko,budiman sudjatmiko,,https://github.com/burhansa25/graph,,
alumni-cd63e37dc06d,Bunga Jelitha,bunga jelitha,,https://github.com/burhansa25/graph,,
alumni-5e3a66c38ce3,Bunyamin Ramto,bunyamin ramto,,https://github.com/burhansa25/graph,,
alumni-4d20bd81006f,Burhanuddin Harahap,burhanuddin harahap,,https://github.com/burhansa25/graph,,
alumni-74efe376407a,Busyra Azheri,busyra azheri,,https://github.com/burhansa25/graph,,
alumni-75dfa25662a5,Busyra Azheri,busyra azheri,,https://github.com/burhansa25/graph,,
alumni-d252e508ae37,Caliadi,caliadi,,https://github.com/burhansa25/graph,,
alumni-fdcbad7fe45b,Carma Citrawati,carma citrawati,,https://github.com/burhansa25/graph,,
alumni-6cd53415dc75,Christina Aryani,christina aryani,,https://github.com/burhansa25/graph,,
alumni-d6de3d8a94ad,Christy Jusung,christy jusung,,https://github.com/burhansa25/graph,,
alumni-765cef64db6e,Chusnunia Chalim,chusnunia chalim,,https://github.com/burhansa25/graph,,
alumni-ad3d7877beb1,Cindy May McGuire,cindy may mcguire,,https://github.com/burhansa25/graph,,
alumni-9bd52ddb5c79,Cinthia Kusuma Rani,cinthia kusuma rani,,https://github.com/burhansa25/graph,,
alumni-21575e5e347c,Cok Ace,cok ace,,https://github.com/burhansa25/graph,,
alumni-85f982d9ae72,Cok Istri Krisnanda Widani,cok istri krisnanda widani,,https://github.com/burhansa25/graph,,
alumni-3542eddd5437,Constant Karma,constant karma,,https://github.com/burhansa25/graph,,
alumni-ae2f8bcae6d5,Corona Rintawan,corona rintawan,,https://github.com/burhansa25/graph,,
alumni-a9c4ffa0de7b,Dadan Hindayana,dadan hindayana,,https://github.com/burhansa25/graph,,
alumni-c9e82fd4f471,Dahlan Iskan,dahlan iskan,,https://en.wikipedia.org/wiki/Dahlan_Iskan,,
alumni-9804c079fb5e,Damayanti Buchori,damayanti buchori,,https://github.com/burhansa25/graph,,
alumni-e220ae4c892c,Danarto,danarto,,https://github.com/burhansa25/graph,,
alumni-bb9e3c1a386a,Dani Ramdan,dani ramdan,,https://github.com/burhansa25/graph,,
alumni-337b65caa579,Darwin Zahedy Saleh,darwin zahedy saleh,,https://en.wikipedia.org/wiki/Darwin_Zahedy_Saleh,,
alumni-532ac2214f02,Deddy Corbuzier,deddy corbuzier,,https://github.com/burhansa25/graph,,
alumni-20f85fb8e9b1,Defia Rosmaniar,defia rosmaniar,,https://github.com/burhansa25/graph,,
alumni-468416bf5204,Deknong Kemalawati,deknong kemalawati,,https://github.com/burhansa25/graph,,
alumni-612da7e62afb,Demetrio do Amaral de Carvalho,demetrio do amaral de carvalho,,https://github.com/burhansa25/graph,,
alumni-96bcc35eff14,Denny Abdi,denny abdi,,https://en.wikipedia.org/wiki/Denny_Abdi,,
alumni-ff5d6c2946d7,Denny Abdi,denny abdi,,https://en.wikipedia.org/wiki/Denny_Abdi,,
alumni-422174b59b4d,Denny Cagur,denny cagur,,https://github.com/burhansa25/graph,,
alumni-fcea2d154a3d,Derry Aman,derry aman,,https://github.com/burhansa25/graph,,
alumni-9643f865b03f,Desra Percaya,desra percaya,,https://github.com/burhansa25/graph,,
alumni-fc1d97f9c349,Desra Percaya,desra percaya,,https://en.wikipedia.org/wiki/Desra_Percaya,,
alumni-6a1864976918,Devina Hermawan,devina hermawan,,https://github.com/burhansa25/graph,,
alumni-6b2283119dec,Dewa Made Beratha,dewa made beratha,,https://github.com/burhansa25/graph,,
alumni-67a54522e419,Dewi Gustina Tobing,dewi gustina tobing,,https://github.com/burhansa25/graph,,
alumni-e26a490c67f2,Dewi Hughes,dewi hughes,,https://github.com/burhansa25/graph,,
alumni-be15aaa425e1,Dewi Lestari,dewi lestari,,https://github.com/burhansa25/graph,,
alumni-f61d264c1eed,Dharma Pongrekun,dharma pongrekun,,https://github.com/burhansa25/graph,,
alumni-c28c389960c4,Dhony Rahajoe,dhony rahajoe,,https://github.com/burhansa25/graph,,
alumni-ef91e50be813,Diah Tri Widayati,diah tri widayati,,https://github.com/burhansa25/graph,,
alumni-b00bab66d7a7,Diananda Choirunisa,diananda choirunisa,,https://github.com/burhansa25/graph,,
alumni-d397624b65c0,Didi Sukyadi,didi sukyadi,,https://github.com/burhansa25/graph,,
alumni-11f44f374b5e,Dimyati Natakusumah,dimyati natakusumah,,https://github.com/burhansa25/graph,,
alumni-4fe05587c883,Dindin Wahyudin,dindin wahyudin,,https://en.wikipedia.org/wiki/Dindin_Wahyudin,,
alumni-88e4ca53f96c,Djan Faridz,djan faridz,,https://github.com/burhansa25/graph,,
alumni-34ae2ae8c386,Djarot Saiful Hidayat,djarot saiful hidayat,,https://github.com/burhansa25/graph,,
alumni-792ff3f54219,Djarot Saiful Hidayat,djarot saiful hidayat,,https://github.com/burhansa25/graph,,
alumni-e878e63a440c,Djohan Effendi,djohan effendi,,https://github.com/burhansa25/graph,,
alumni-8510f2023099,Djohar Arifin Husin,djohar arifin husin,,https://github.com/burhansa25/graph,,
alumni-e2468e9a404e,Djohar Arifin Husin,djohar arifin husin,,https://github.com/burhansa25/graph,,
alumni-05cad96ba7bd,Djoko Santoso,djoko santoso,,https://github.com/burhansa25/graph,,
alumni-2d693af6c63a,Djoko Santoso (akademisi),djoko santoso (akademisi),,https://github.com/burhansa25/graph,,
alumni-d97153f6e050,Djuanda Kartawidjaja,djuanda kartawidjaja,,https://github.com/burhansa25/graph,,
alumni-266cec9f4e4b,Djuanda Suraatmadja,djuanda suraatmadja,,https://github.com/burhansa25/graph,,
alumni-32a97efea573,Doddy Achdiat Tisna Amidjaja,doddy achdiat tisna amidjaja,,https://github.com/burhansa25/graph,,
alumni-0ba39aa123d8,Dody Hanggodo,dody hanggodo,,https://github.com/burhansa25/graph,,
alumni-16af77d17293,Doni Monardo,doni monardo,,https://github.com/burhansa25/graph,,
alumni-0c75bf516f40,Donny Ermawan Taufanto,donny ermawan taufanto,,https://github.com/burhansa25/graph,,
alumni-2e3a230e37a4,Donny Ermawan Taufanto,donny ermawan taufanto,,https://github.com/burhansa25/graph,,
alumni-c3d71acbea39,Dudung Abdurachman,dudung abdurachman,,https://github.com/burhansa25/graph,,
alumni-73138b576f5b,Duma Riris Silalahi,duma riris silalahi,,https://github.com/burhansa25/graph,,
alumni-afbdeb496b87,Dwi Hendratmo Widyantoro,dwi hendratmo widyantoro,,https://github.com/burhansa25/graph,,
alumni-63cb7e225571,Dwi Rubiyanti Kholifah,dwi rubiyanti kholifah,,https://github.com/burhansa25/graph,,
alumni-ef48ed03c3e1,Eddy Martadinata,eddy martadinata,,https://github.com/burhansa25/graph,,
alumni-e21b0da3d4f2,Eddy Yusuf,eddy yusuf,,https://github.com/burhansa25/graph,,
alumni-03630a75eb3e,Edhy Prabowo,edhy prabowo,,https://github.com/burhansa25/graph,,
alumni-a2490b1da4e3,Edward Omar Sharif Hiariej,edward omar sharif hiariej,,https://github.com/burhansa25/graph,,
alumni-56634068d5df,Edy Rahmayadi,edy rahmayadi,,https://github.com/burhansa25/graph,,
alumni-0587d398eb70,Eka Kurniawan,eka kurniawan,,https://github.com/burhansa25/graph,,
alumni-0337f4fec5ad,Eko Yuli Irawan,eko yuli irawan,,https://github.com/burhansa25/graph,,
alumni-68940acdfb5b,Elfin Pertiwi Rappa,elfin pertiwi rappa,,https://github.com/burhansa25/graph,,
alumni-764e3259ce70,Elvira Devinamira,elvira devinamira,,https://github.com/burhansa25/graph,,
alumni-79f83e25b534,Endang Turmudi,endang turmudi,,https://github.com/burhansa25/graph,,
alumni-fba8dc6378fb,Enggartiasto Lukita,enggartiasto lukita,,https://github.com/burhansa25/graph,,
alumni-62a3ba7e207c,Eri Cahyadi,eri cahyadi,,https://github.com/burhansa25/graph,,
alumni-1d614af078ec,Eriko Sotarduga,eriko sotarduga,,https://github.com/burhansa25/graph,,
alumni-f39456476314,Erina Gudono,erina gudono,,https://github.com/burhansa25/graph,,
alumni-c531288c4534,Eugenia Diva Widodo,eugenia diva widodo,,https://github.com/burhansa25/graph,,
alumni-d45e3c3e7954,Fachri Ahmad,fachri ahmad,,https://github.com/burhansa25/graph,,
alumni-2dda5bdcd03c,Fadel Muhammad,fadel muhammad,,https://github.com/burhansa25/graph,,
alumni-755e1d809871,Fadel Muhammad,fadel muhammad,,https://github.com/burhansa25/graph,,
alumni-991f305cba46,Faris Dedi Setiawan,faris dedi setiawan,,https://github.com/burhansa25/graph,,
alumni-957d4d5e54aa,Febriana Firdaus,febriana firdaus,,https://github.com/burhansa25/graph,,
alumni-519482c7beb2,Feisal Tanjung,feisal tanjung,,https://github.com/burhansa25/graph,,
alumni-32412a2b0068,Festus Simbiak,festus simbiak,,https://github.com/burhansa25/graph,,
alumni-ff7530948a6c,Festus Simbiak,festus simbiak,,https://github.com/burhansa25/graph,,
alumni-56f45c619934,Fikry Cassidy,fikry cassidy,,https://github.com/burhansa25/graph,,
alumni-9424dea9b7ae,Firmanzah,firmanzah,,https://en.wikipedia.org/wiki/Firmanzah,,
alumni-6bbca77ad86e,Firsta Yufi,firsta yufi,,https://github.com/burhansa25/graph,,
alumni-ab974104fd0b,Franka Soeria,franka soeria,,https://github.com/burhansa25/graph,,
alumni-69ef3ff9f21f,Frederik Batti Sorring,frederik batti sorring,,https://github.com/burhansa25/graph,,
alumni-0daacd67ccab,Frits Bernhard Mewengkang,frits bernhard mewengkang,,https://github.com/burhansa25/graph,,
alumni-be673ebd0a8a,Fuad Hassan,fuad hassan,,https://en.wikipedia.org/wiki/Fuad_Hassan,,
alumni-677bb66c6250,Gamawan Fauzi,gamawan fauzi,,https://github.com/burhansa25/graph,,
alumni-a8a3e5b725da,Gamawan Fauzi,gamawan fauzi,,https://github.com/burhansa25/graph,,
alumni-cbbf9146c5ed,Gandi Sulistiyanto,gandi sulistiyanto,,https://github.com/burhansa25/graph,,
alumni-b95f9419d32b,Ganefri,ganefri,,https://github.com/burhansa25/graph,,
alumni-8b23630fccc7,Gatot Nurmantyo,gatot nurmantyo,,https://github.com/burhansa25/graph,,
alumni-0bc6e2cc8333,Gatot Sudjito,gatot sudjito,,https://github.com/burhansa25/graph,,
alumni-69cfe94c1af4,Gatot Sudjito,gatot sudjito,,https://github.com/burhansa25/graph,,
alumni-69b6659da04b,Gina Yoginda,gina yoginda,,https://github.com/burhansa25/graph,,
alumni-48a10644f79d,Ginandjar Kartasasmita,ginandjar kartasasmita,,https://github.com/burhansa25/graph,,
alumni-84e79951619d,Goenarso,goenarso,,https://github.com/burhansa25/graph,,
alumni-16476c8ca896,Grata Endah Werdaningtyas,grata endah werdaningtyas,,https://github.com/burhansa25/graph,,
alumni-dd6442fa6a23,Guru Gembul,guru gembul,,https://github.com/burhansa25/graph,,
alumni-5ea87b698440,H. S. Dillon,h. s. dillon,,https://github.com/burhansa25/graph,,
alumni-09caa2a0ae01,Habiburokhman,habiburokhman,,https://github.com/burhansa25/graph,,
alumni-34ee96d06a48,Habiburokhman,habiburokhman,,https://github.com/burhansa25/graph,,
alumni-63b2bd45d86d,Habiburokhman,habiburokhman,,https://github.com/burhansa25/graph,,
alumni-679b297ca383,Habiburokhman,habiburokhman,,https://github.com/burhansa25/graph,,
alumni-fc80f15e86a5,Hadi Mulyadi,hadi mulyadi,,https://github.com/burhansa25/graph,,
alumni-8d042cde967b,Hadi Prabowo,hadi prabowo,,https://github.com/burhansa25/graph,,
alumni-8d613f3fa060,Hadi Tjahjanto,hadi tjahjanto,,https://github.com/burhansa25/graph,,
alumni-34082ef92a28,Haedar Nashir,haedar nashir,,https://github.com/burhansa25/graph,,
alumni-c0d7d15e2932,Haidar Bagir,haidar bagir,,https://github.com/burhansa25/graph,,
alumni-4129f61d238d,Hamdan Zoelva,hamdan zoelva,,https://github.com/burhansa25/graph,,
alumni-a0fc6e44a647,Hamid Awaludin,hamid awaludin,,https://github.com/burhansa25/graph,,
alumni-041729be581d,Hamka Hendra Noer,hamka hendra noer,,https://github.com/burhansa25/graph,,
alumni-0661995af4a7,Handry Satriago,handry satriago,,https://github.com/burhansa25/graph,,
alumni-490335e2356e,Happy Asmara,happy asmara,,https://github.com/burhansa25/graph,,
alumni-07faece1e144,Hardi (politician),hardi (politician),,https://github.com/burhansa25/graph,,
alumni-17b5a331c971,Hari Sabarno,hari sabarno,,https://github.com/burhansa25/graph,,
alumni-c6f9134dcfac,Hariadi Paminto Soepangkat,hariadi paminto soepangkat,,https://github.com/burhansa25/graph,,
alumni-34eb14f042b3,Harifin Tumpa,harifin tumpa,,https://github.com/burhansa25/graph,,
alumni-61c1b561d2b9,Haris Azhar,haris azhar,,https://github.com/burhansa25/graph,,
alumni-ea42add74aa9,Haris Sudarno,haris sudarno,,https://github.com/burhansa25/graph,,
alumni-b1d4501a5f32,Harry Setyawan,harry setyawan,,https://github.com/burhansa25/graph,,
alumni-cab7b13890bb,Hartono Rekso Dharsono,hartono rekso dharsono,,https://github.com/burhansa25/graph,,
alumni-4ee6e002ca34,Hasan Basri Durin,hasan basri durin,,https://github.com/burhansa25/graph,,
alumni-34aadbad6b97,Hasjrul Harahap,hasjrul harahap,,https://github.com/burhansa25/graph,,
alumni-c9d69ca3f66a,Hassanudin,hassanudin,,https://github.com/burhansa25/graph,,
alumni-f8f7aae5e898,Hassanudin,hassanudin,,https://github.com/burhansa25/graph,,
alumni-7f9fc9e1df14,Hasto Wardoyo,hasto wardoyo,,https://github.com/burhansa25/graph,,
alumni-f8f6dad465e5,Helmi Hasan,helmi hasan,,https://github.com/burhansa25/graph,,
alumni-88dd5b9edffc,Helmi Johannes,helmi johannes,,https://github.com/burhansa25/graph,,
alumni-36aa15127964,Hendra Gunawan,hendra gunawan,,https://github.com/burhansa25/graph,,
alumni-1df3009caeb9,Hendra Halim,hendra halim,,https://github.com/burhansa25/graph,,
alumni-c0eb3894ccb1,Hendrar Prihadi,hendrar prihadi,,https://github.com/burhansa25/graph,,
alumni-db8dd1e700c0,Hendrar Prihadi,hendrar prihadi,,https://github.com/burhansa25/graph,,
alumni-05a4239b905e,Herdiat Sunarya,herdiat sunarya,,https://github.com/burhansa25/graph,,
alumni-88f8e640fec9,Heri Hermansyah,heri hermansyah,,https://github.com/burhansa25/graph,,
alumni-59279cea45fc,Herling Laoh,herling laoh,,https://github.com/burhansa25/graph,,
alumni-f74cf8087d8f,Herman Abdullah,herman abdullah,,https://github.com/burhansa25/graph,,
alumni-e3c6419fb334,Hermono,hermono,,https://github.com/burhansa25/graph,,
alumni-14dd29e3dd10,Hexana Tri Sasongko,hexana tri sasongko,,https://github.com/burhansa25/graph,,
alumni-19febd99226d,Hidayat Nur Wahid,hidayat nur wahid,,https://github.com/burhansa25/graph,,
alumni-e568b27b439e,Himawan Sutanto,himawan sutanto,,https://github.com/burhansa25/graph,,
alumni-2f6a199e2ddd,Hinsa Siburian,hinsa siburian,,https://github.com/burhansa25/graph,,
alumni-7296cba7dd2e,Hotma Sitompul,hotma sitompul,,https://github.com/burhansa25/graph,,
alumni-ba51c9cfa1b6,Hotman Paris Hutapea,hotman paris hutapea,,https://github.com/burhansa25/graph,,
alumni-d58639c8d09a,Hotman Paris Hutapea,hotman paris hutapea,,https://github.com/burhansa25/graph,,
alumni-d8467ca04365,Husein Mutahar,husein mutahar,,https://github.com/burhansa25/graph,,
alumni-6f360e8381ed,I Gede Ngurah Patriana Krisna,i gede ngurah patriana krisna,,https://github.com/burhansa25/graph,,
alumni-db4098f726a1,I Gede Ngurah Patriana Krisna,i gede ngurah patriana krisna,,https://github.com/burhansa25/graph,,
alumni-ce2103634e3f,I Gede Ngurah Swajaya,i gede ngurah swajaya,,https://github.com/burhansa25/graph,,
alumni-a0387ea162a5,I Gede Wenten,i gede wenten,,https://github.com/burhansa25/graph,,
alumni-fde1dd9256eb,I Gusti Ayu Bintang Darmawati,i gusti ayu bintang darmawati,,https://github.com/burhansa25/graph,,
alumni-bf52d137b1c2,I Gusti Kompyang Manila,i gusti kompyang manila,,https://github.com/burhansa25/graph,,
alumni-3fd0a12a0577,I Gusti Ngurah Jaya Negara,i gusti ngurah jaya negara,,https://github.com/burhansa25/graph,,
alumni-16578d5bd980,I Gusti Putu Parwata,i gusti putu parwata,,https://github.com/burhansa25/graph,,
alumni-b1c4345b5d4a,I Komang Gede Sanjaya,i komang gede sanjaya,,https://github.com/burhansa25/graph,,
alumni-4dd4a931eeaf,I Made Agus Mahayastra,i made agus mahayastra,,https://github.com/burhansa25/graph,,
alumni-21a5d40c8e07,I Nyoman Sutjidra,i nyoman sutjidra,,https://github.com/burhansa25/graph,,
alumni-0bd7552d9237,I Wayan Diar,i wayan diar,,https://github.com/burhansa25/graph,,
alumni-da73aebc9d8f,I Wayan Disel Astawa,i wayan disel astawa,,https://github.com/burhansa25/graph,,
alumni-09fb054c5c34,I Wayan Koster,i wayan koster,,https://github.com/burhansa25/graph,,
alumni-199b2d8f27e8,I Wayan Koster,i wayan koster,,https://github.com/burhansa25/graph,,
alumni-e9e7fc817f24,I Wayan Koster,i wayan koster,,https://github.com/burhansa25/graph,,
alumni-6f27cbf1eb84,I Wayan Pandu Prapanca Lagosa,i wayan pandu prapanca lagosa,,https://github.com/burhansa25/graph,,
alumni-0c1e8d6bbc1f,Ibnu Said,ibnu said,,https://github.com/burhansa25/graph,,
alumni-a2ed2ca079ae,Ibnu Wahyutomo,ibnu wahyutomo,,https://github.com/burhansa25/graph,,
alumni-f714ac9ad39d,Ichlasul Amal,ichlasul amal,,https://github.com/burhansa25/graph,,
alumni-6fa17fe853ae,Ida Bagus Oka,ida bagus oka,,https://github.com/burhansa25/graph,,
alumni-b62fa4fb4bcf,Ida Bagus Rai Mantra,ida bagus rai mantra,,https://github.com/burhansa25/graph,,
alumni-41c99bb0c529,Ida Fauziyah,ida fauziyah,,https://github.com/burhansa25/graph,,
alumni-af6762090b2a,Idrus Marham,idrus marham,,https://github.com/burhansa25/graph,,
alumni-a2f2d64906bc,Ifa Isfansyah,ifa isfansyah,,https://github.com/burhansa25/graph,,
alumni-d00fc82a7163,Ignasius Jonan,ignasius jonan,,https://github.com/burhansa25/graph,,
alumni-5a6dab7870f6,Imam B. Prasodjo,imam b. prasodjo,,https://en.wikipedia.org/wiki/Imam_Prasodjo,,
alumni-af81e5462352,Imdaad Hamid,imdaad hamid,,https://github.com/burhansa25/graph,,
alumni-20a2e6107bf4,Imron Cotan,imron cotan,,https://github.com/burhansa25/graph,,
alumni-3ce4051eb317,Indira Chunda Thita Syahrul,indira chunda thita syahrul,,https://github.com/burhansa25/graph,,
alumni-23d441a2b746,Indra Yasin,indra yasin,,https://github.com/burhansa25/graph,,
alumni-3e2f7926dcbf,Indrieffouny Indra,indrieffouny indra,,https://github.com/burhansa25/graph,,
alumni-54cc58610ca2,Indrieffouny Indra,indrieffouny indra,,https://github.com/burhansa25/graph,,
alumni-9eabffb4fa40,Indro (comedian),indro (comedian),,https://github.com/burhansa25/graph,,
alumni-1275bd07c855,Indroyono Soesilo,indroyono soesilo,,https://github.com/burhansa25/graph,,
alumni-28fe3bdb1d7a,Intan Aletrino,intan aletrino,,https://github.com/burhansa25/graph,,
alumni-8612014e915d,Iping Supriana,iping supriana,,https://github.com/burhansa25/graph,,
alumni-266d06aa90f9,Iqbal Assegaf,iqbal assegaf,,https://github.com/burhansa25/graph,,
alumni-6072b8d47317,Iriana,iriana,,https://github.com/burhansa25/graph,,
alumni-5ef58501f3a6,Irman Gusman,irman gusman,,https://github.com/burhansa25/graph,,
alumni-81d9319ae764,Irna Narulita,irna narulita,,https://github.com/burhansa25/graph,,
alumni-6fca27732fd5,Irwan Prayitno,irwan prayitno,,https://en.wikipedia.org/wiki/Irwan_Prayitno,,
alumni-3da2a5e0a7f9,Iskandar Alisjahbana,iskandar alisjahbana,,https://github.com/burhansa25/graph,,
alumni-5b9d6a946827,Isran Noor,isran noor,,https://github.com/burhansa25/graph,,
alumni-e94a6db4f835,Iti Octavia Jayabaya,iti octavia jayabaya,,https://github.com/burhansa25/graph,,
alumni-09d94215f57d,Iwa Karniwa,iwa karniwa,,https://github.com/burhansa25/graph,,
alumni-327bca5a15e8,Iwan Syahril,iwan syahril,,https://github.com/burhansa25/graph,,
alumni-413fed9cae2c,Jajah Koswara,jajah koswara,,https://github.com/burhansa25/graph,,
alumni-f820b7822267,Jakob Oetama,jakob oetama,,https://github.com/burhansa25/graph,,
alumni-f7157e869492,Jan Samuel Maringka,jan samuel maringka,,https://github.com/burhansa25/graph,,
alumni-451d82005c3c,Jefri Riwu Kore,jefri riwu kore,,https://github.com/burhansa25/graph,,
alumni-8a3734383a04,Jefri Riwu Kore,jefri riwu kore,,https://github.com/burhansa25/graph,,
alumni-b946f78d8692,Jeje Zaenudin,jeje zaenudin,,https://github.com/burhansa25/graph,,
alumni-e28d3faf9988,Jennifer Robinson (lawyer),jennifer robinson (lawyer),,https://github.com/burhansa25/graph,,
alumni-d034e6a02744,Jero Wacik,jero wacik,,https://github.com/burhansa25/graph,,
alumni-8ef52ac6fdb3,Jesica Fitriana,jesica fitriana,,https://github.com/burhansa25/graph,,
alumni-15598ad35527,Jihan Nurlela,jihan nurlela,,https://github.com/burhansa25/graph,,
alumni-82596b88a4f2,Jihan Nurlela,jihan nurlela,,https://github.com/burhansa25/graph,,
alumni-a61783281bb2,Jihan Nurlela,jihan nurlela,,https://github.com/burhansa25/graph,,
alumni-701139c7e9f1,John Pangkey,john pangkey,,https://github.com/burhansa25/graph,,
alumni-41f3494a4309,John Siffy Mirin,john siffy mirin,,https://github.com/burhansa25/graph,,
alumni-7d1cfec393d5,Johnny G. Plate,johnny g. plate,,https://github.com/burhansa25/graph,,
alumni-b8f2e7da7c39,Joko Anwar,joko anwar,,https://github.com/burhansa25/graph,,
alumni-f5fbe0fc78dd,Joko Widodo,joko widodo,,https://github.com/burhansa25/graph,,
alumni-ea9b782ba17e,Judha Nugraha,judha nugraha,,https://github.com/burhansa25/graph,,
alumni-a75dab7b5750,Juliarti Rahayu Gunawan,juliarti rahayu gunawan,,https://github.com/burhansa25/graph,,
alumni-0a9e52cb7436,Junus Effendi Habibie,junus effendi habibie,,https://github.com/burhansa25/graph,,
alumni-f3860930d2b9,Juwono Sudarsono,juwono sudarsono,,https://en.wikipedia.org/wiki/Juwono_Sudarsono,,
alumni-7338650d6c20,Kadarsah Suryadi,kadarsah suryadi,,https://github.com/burhansa25/graph,,
alumni-b76faf3120a1,Kalatiku Paembonan,kalatiku paembonan,,https://github.com/burhansa25/graph,,
alumni-055afc9614d2,Karel Sesa,karel sesa,,https://github.com/burhansa25/graph,,
alumni-563751bc1afd,Karel Sesa,karel sesa,,https://github.com/burhansa25/graph,,
alumni-9f0e7beb9d30,Karen Agustiawan,karen agustiawan,,https://github.com/burhansa25/graph,,
alumni-13a4921f0821,Karlina Leksono Supelli,karlina leksono supelli,,https://github.com/burhansa25/graph,,
alumni-9188d1f0bb76,Karolin Margret Natasa,karolin margret natasa,,https://github.com/burhansa25/graph,,
alumni-34c1a920986a,Kartika Candra Negara,kartika candra negara,,https://github.com/burhansa25/graph,,
alumni-58542c6f9650,Kasmarni,kasmarni,,https://github.com/burhansa25/graph,,
alumni-5afbc612f65d,Ken Dwijugiasteadi,ken dwijugiasteadi,,https://github.com/burhansa25/graph,,
alumni-876de6d2e687,Kevin Lilliana,kevin lilliana,,https://github.com/burhansa25/graph,,
alumni-238557529084,Kezia Warouw,kezia warouw,,https://github.com/burhansa25/graph,,
alumni-055a9bfafc20,Khairul Munadi,khairul munadi,,https://github.com/burhansa25/graph,,
alumni-c29e224547cd,Khofifah Indar Parawansa,khofifah indar parawansa,,https://github.com/burhansa25/graph,,
alumni-18223247106a,Komarudin,komarudin,,https://github.com/burhansa25/graph,,
alumni-d72629d6500d,Komarudin,komarudin,,https://github.com/burhansa25/graph,,
alumni-051aa9fcab32,Krismadinata,krismadinata,,https://github.com/burhansa25/graph,,
alumni-ba9de80e77b8,Krismadinata,krismadinata,,https://github.com/burhansa25/graph,,
alumni-906f15a273da,Kristiarto Legowo,kristiarto legowo,,https://github.com/burhansa25/graph,,
alumni-cd0940255175,Kun Wardana Abyoto,kun wardana abyoto,,https://github.com/burhansa25/graph,,
alumni-f2f5b6b0cb71,Kun Wardana Abyoto,kun wardana abyoto,,https://github.com/burhansa25/graph,,
alumni-17ff58df6cc0,Kuncoro Giri Waseso,kuncoro giri waseso,,https://github.com/burhansa25/graph,,
alumni-74490dd774b0,Kuntoro Mangkusubroto,kuntoro mangkusubroto,,https://github.com/burhansa25/graph,,
alumni-33b4342db79e,Kusmardiono,kusmardiono,,https://github.com/burhansa25/graph,,
alumni-90032da23fa3,Kusmayanto Kadiman,kusmayanto kadiman,,https://github.com/burhansa25/graph,,
alumni-55fad8c3c614,Kustiyah,kustiyah,,https://github.com/burhansa25/graph,,
alumni-9d2203aa2be2,La Nyalla Mattalitti,la nyalla mattalitti,,https://github.com/burhansa25/graph,,
alumni-7579ee566040,Laksamana Sukardi,laksamana sukardi,,https://github.com/burhansa25/graph,,
alumni-1ead16c236bf,Lalu Muhamad Iqbal,lalu muhamad iqbal,,https://github.com/burhansa25/graph,,
alumni-28f3e02e9b3e,Lalu Muhamad Iqbal,lalu muhamad iqbal,,https://github.com/burhansa25/graph,,
alumni-b12dd490bf22,Laura Basuki,laura basuki,,https://github.com/burhansa25/graph,,
alumni-8c7f5993e1ba,Laurentius Amrih Jinangkung,laurentius amrih jinangkung,,https://github.com/burhansa25/graph,,
alumni-2abcf1b45a46,Lesik Kati Ara,lesik kati ara,,https://github.com/burhansa25/graph,,
alumni-32aaab836af0,Lilies Handayani,lilies handayani,,https://github.com/burhansa25/graph,,
alumni-08d18f2cae64,Lilik Hendrajaya,lilik hendrajaya,,https://github.com/burhansa25/graph,,
alumni-2802f511b268,Lily Estelita Liana,lily estelita liana,,https://github.com/burhansa25/graph,,
alumni-4ac4a4b40d9f,Lily Yulianti Farid,lily yulianti farid,,https://github.com/burhansa25/graph,,
alumni-9ee3874f30d1,Listiana Operananta,listiana operananta,,https://github.com/burhansa25/graph,,
alumni-5dfe3bcdfeda,Listyo Sigit Prabowo,listyo sigit prabowo,,https://en.wikipedia.org/wiki/Listyo_Sigit_Prabowo,,
alumni-ddeba69b2db9,Lodewijk Freidrich Paulus,lodewijk freidrich paulus,,https://github.com/burhansa25/graph,,
alumni-17398670cd53,Lolo Soetoro,lolo soetoro,,https://github.com/burhansa25/graph,,
alumni-709a50d7e196,Longki Djanggola,longki djanggola,,https://github.com/burhansa25/graph,,
alumni-2b6f1d506edf,Longuinhos Monteiro,longuinhos monteiro,,https://github.com/burhansa25/graph,,
alumni-90fa679368f5,Luhut Binsar Pandjaitan,luhut binsar pandjaitan,,https://github.com/burhansa25/graph,,
alumni-f2c7b065f2d9,Lukas Enembe,lukas enembe,,https://github.com/burhansa25/graph,,
alumni-aecaf07c33ce,Lukman Hakim Siregar,lukman hakim siregar,,https://github.com/burhansa25/graph,,
alumni-9e88f651b870,Lutfi Rauf,lutfi rauf,,https://github.com/burhansa25/graph,,
alumni-1f76a7625fdc,M. Rozy Munir,m. rozy munir,,https://en.wikipedia.org/wiki/Rozy_Munir,,
alumni-dd77ce54fc89,Ma'ana Hasnuty,ma'ana hasnuty,,https://github.com/burhansa25/graph,,
alumni-327e2af9bbbb,Made Sri Satyawati,made sri satyawati,,https://github.com/burhansa25/graph,,
alumni-4e2395cd8e69,Mahfud MD,mahfud md,,https://en.wikipedia.org/wiki/Mahfud_MD,,
alumni-b5d5062e8b70,Mahmud Sudibandriyo,mahmud sudibandriyo,,https://github.com/burhansa25/graph,,
alumni-8179926809d8,Mahyeldi Ansharullah,mahyeldi ansharullah,,https://github.com/burhansa25/graph,,
alumni-98ee4487615a,Makarim Wibisono,makarim wibisono,,https://github.com/burhansa25/graph,,
alumni-e020a3fe4b0f,Manahan Sitompul,manahan sitompul,,https://github.com/burhansa25/graph,,
alumni-7eeaead018ea,Mananti Sitompul,mananti sitompul,,https://github.com/burhansa25/graph,,
alumni-8b312417caf6,Marcellino Lefrandt,marcellino lefrandt,,https://github.com/burhansa25/graph,,
alumni-4b4a02db5ca2,Marga T,marga t,,https://github.com/burhansa25/graph,,
alumni-583fa6992dcf,Maria Farida Indrati,maria farida indrati,,https://en.wikipedia.org/wiki/Maria_Farida_Indrati,,
alumni-491695aafed9,Maria Harfanti,maria harfanti,,https://github.com/burhansa25/graph,,
alumni-1a565aa84069,Mariam Abdul Rashid,mariam abdul rashid,,https://github.com/burhansa25/graph,,
alumni-f92ea0df17ee,Marianne Katoppo,marianne katoppo,,https://github.com/burhansa25/graph,,
alumni-771f4e8ba073,Mariano Sabino Lopes,mariano sabino lopes,,https://github.com/burhansa25/graph,,
alumni-b0072ff1d0ff,Mario Teguh,mario teguh,,https://github.com/burhansa25/graph,,
alumni-b0378c9884ed,Marisa Sartika Maladewi,marisa sartika maladewi,,https://github.com/burhansa25/graph,,
alumni-9dd210896ac2,Marissa Anita,marissa anita,,https://github.com/burhansa25/graph,,
alumni-0f1aeeda9a2f,Marissa Haque,marissa haque,,https://github.com/burhansa25/graph,,
alumni-1b6e5b153f5f,Marissa Haque,marissa haque,,https://github.com/burhansa25/graph,,
alumni-2a4a15acf5e8,Marissa Haque,marissa haque,,https://github.com/burhansa25/graph,,
alumni-8bc1db4419fd,Marissa Haque,marissa haque,,https://github.com/burhansa25/graph,,
alumni-d8d085d7484a,Marlis Rahman,marlis rahman,,https://en.wikipedia.org/wiki/Marlis_Rahman,,
alumni-fb7c09c68dd3,Marlis Rahman,marlis rahman,,https://en.wikipedia.org/wiki/Marlis_Rahman,,
alumni-21f10ea3711e,Marsudi Wahyu Kisworo,marsudi wahyu kisworo,,https://github.com/burhansa25/graph,,
alumni-ff8ad7eb6a36,Maruarar Sirait,maruarar sirait,,https://github.com/burhansa25/graph,,
alumni-5ffb6ce4e5b2,Maruli Simanjuntak,maruli simanjuntak,,https://github.com/burhansa25/graph,,
alumni-243719d950a3,Maryam March Maharani,maryam march maharani,,https://github.com/burhansa25/graph,,
alumni-1ee86a12a15a,Marzuki Darusman,marzuki darusman,,https://github.com/burhansa25/graph,,
alumni-a4620a16678d,Maulwi Saelan,maulwi saelan,,https://github.com/burhansa25/graph,,
alumni-1b2a1226c18e,Mayerfas,mayerfas,,https://en.wikipedia.org/wiki/Mayerfas,,
alumni-0ae2e9c85e44,Mesir Suryadi,mesir suryadi,,https://github.com/burhansa25/graph,,
alumni-0efc75b925da,Michael Bambang Hartono,michael bambang hartono,,https://github.com/burhansa25/graph,,
alumni-102766b7cbdb,Mirza Nurhidayat,mirza nurhidayat,,https://github.com/burhansa25/graph,,
alumni-081e63e1fba6,Mochtar Apin,mochtar apin,,https://github.com/burhansa25/graph,,
alumni-06df0f1cc57f,Mochtar Kusumaatmadja,mochtar kusumaatmadja,,https://en.wikipedia.org/wiki/Mochtar_Kusumaatmadja,,
alumni-d57ec60a253a,Mochtar Kusumaatmadja,mochtar kusumaatmadja,,https://en.wikipedia.org/wiki/Mochtar_Kusumaatmadja,,
alumni-dc483a9939d8,Moeldoko,moeldoko,,https://github.com/burhansa25/graph,,
alumni-b37d8af8483a,Mohamad Oemar,mohamad oemar,,https://github.com/burhansa25/graph,,
alumni-e8c8987de9f8,Mohamad Prakosa,mohamad prakosa,,https://github.com/burhansa25/graph,,
alumni-85fd64312ded,Mohamad Tony Harjono,mohamad tony harjono,,https://github.com/burhansa25/graph,,
alumni-faf7c0be1a74,Mohammad Atho' Mudzhar,mohammad atho' mudzhar,,https://github.com/burhansa25/graph,,
alumni-c7a57865672e,Mohammad Kurniadi Koba,mohammad kurniadi koba,,https://github.com/burhansa25/graph,,
alumni-b2c35c25289b,Mohammad Nuh,mohammad nuh,,https://github.com/burhansa25/graph,,
alumni-4f475d3526c2,Mohammad Ruslan,mohammad ruslan,,https://github.com/burhansa25/graph,,
alumni-684d94afd6ce,Mohammad Sadli,mohammad sadli,,https://github.com/burhansa25/graph,,
alumni-e97fd17f1ecc,Mohammed Taufiq Johari,mohammed taufiq johari,,https://github.com/burhansa25/graph,,
alumni-57157ea4192e,Mohd Yadzil Yaakub,mohd yadzil yaakub,,https://github.com/burhansa25/graph,,
alumni-280bf6b3dd11,Monica Khonado,monica khonado,,https://github.com/burhansa25/graph,,
alumni-1f9c6a97188d,Monique Rijkers,monique rijkers,,https://github.com/burhansa25/graph,,
alumni-0c55e8e6a8e7,Mooryati Soedibyo,mooryati soedibyo,,https://github.com/burhansa25/graph,,
alumni-b4b539d6bda5,Mooryati Soedibyo,mooryati soedibyo,,https://github.com/burhansa25/graph,,
alumni-2cf37ecc554d,Muchdi Purwopranjono,muchdi purwopranjono,,https://github.com/burhansa25/graph,,
alumni-ffe743089425,Muchtar Pakpahan,muchtar pakpahan,,https://github.com/burhansa25/graph,,
alumni-17e604a607cf,Muhadjir Effendy,muhadjir effendy,,https://github.com/burhansa25/graph,,
alumni-1841976c4a19,Muhadjir Effendy,muhadjir effendy,,https://github.com/burhansa25/graph,,
alumni-b524f949f6a5,Muhadjir Effendy,muhadjir effendy,,https://github.com/burhansa25/graph,,
alumni-3f83ef713166,Muhaimin Iskandar,muhaimin iskandar,,https://github.com/burhansa25/graph,,
alumni-5ed1d50cf329,Muhammad Alhamid,muhammad alhamid,,https://github.com/burhansa25/graph,,
alumni-cd0197065b17,Muhammad Alhamid,muhammad alhamid,,https://github.com/burhansa25/graph,,
alumni-580ec5876302,Muhammad Alim,muhammad alim,,https://github.com/burhansa25/graph,,
alumni-d437340fdcd9,Muhammad Anis,muhammad anis,,https://en.wikipedia.org/wiki/Muhammad_Anis,,
alumni-2346f8828376,Muhammad Chatib Basri,muhammad chatib basri,,https://en.wikipedia.org/wiki/Chatib_Basri,,
alumni-ee90213b5a24,Muhammad Fadjar Churniawan,muhammad fadjar churniawan,,https://github.com/burhansa25/graph,,
alumni-f129fb694ed6,Muhammad Fadjar Churniawan,muhammad fadjar churniawan,,https://github.com/burhansa25/graph,,
alumni-d40ffd691980,Muhammad Herindra,muhammad herindra,,https://github.com/burhansa25/graph,,
alumni-5b19800825de,Muhammad Khan (actor),muhammad khan (actor),,https://github.com/burhansa25/graph,,
alumni-873c71c5d99e,Muhammad Madyan,muhammad madyan,,https://github.com/burhansa25/graph,,
alumni-9e16b63548d8,Muhammad Madyan,muhammad madyan,,https://github.com/burhansa25/graph,,
alumni-dd8eef53b227,Muhammad Muchlas Rowi,muhammad muchlas rowi,,https://github.com/burhansa25/graph,,
alumni-a82ad79f2502,Muhammad Najib,muhammad najib,,https://en.wikipedia.org/wiki/Muhammad_Najib,,
alumni-c1f40f6d514f,Muhammad Najib,muhammad najib,,https://en.wikipedia.org/wiki/Muhammad_Najib,,
alumni-d4565e639e68,Muhammad Najib,muhammad najib,,https://en.wikipedia.org/wiki/Muhammad_Najib,,
alumni-8caf016c2adc,Muhammad Prakosa,muhammad prakosa,,https://github.com/burhansa25/graph,,
alumni-34dab6a97ac5,Muhammad Romahurmuziy,muhammad romahurmuziy,,https://github.com/burhansa25/graph,,
alumni-fc58a561cab7,Muhanto A. Q.,muhanto a. q.,,https://github.com/burhansa25/graph,,
alumni-6cef4c0fa226,Muharlion,muharlion,,https://github.com/burhansa25/graph,,
alumni-39572b71c592,Muharuddin,muharuddin,,https://github.com/burhansa25/graph,,
alumni-f62dbfc7fa8a,Muhsin Syihab,muhsin syihab,,https://github.com/burhansa25/graph,,
alumni-0b6429a638f8,Mukhtarudin,mukhtarudin,,https://github.com/burhansa25/graph,,
alumni-f53ee9cdfe3d,Muladi (politician),muladi (politician),,https://github.com/burhansa25/graph,,
alumni-f865feeac4bf,Munir Said Thalib,munir said thalib,,https://github.com/burhansa25/graph,,
alumni-202798c439b6,Musa Rajekshah,musa rajekshah,,https://github.com/burhansa25/graph,,
alumni-5682d1c63a5a,Musliar Kasim,musliar kasim,,https://github.com/burhansa25/graph,,
alumni-73443a68de90,Musliar Kasim,musliar kasim,,https://github.com/burhansa25/graph,,
alumni-7e4f412b1131,Musliar Kasim,musliar kasim,,https://github.com/burhansa25/graph,,
alumni-fa583082db24,Mustafa Abubakar,mustafa abubakar,,https://github.com/burhansa25/graph,,
alumni-34b0eddf0b25,Nabiel Makarim,nabiel makarim,,https://en.wikipedia.org/wiki/Nabiel_Makarim,,
alumni-5c8ca308a2d9,Nabilah Lubis,nabilah lubis,,https://github.com/burhansa25/graph,,
alumni-e1cefcbf109c,Nadjmi Adhani,nadjmi adhani,,https://github.com/burhansa25/graph,,
alumni-ee7cb1be68b4,Nadjmi Adhani,nadjmi adhani,,https://github.com/burhansa25/graph,,
alumni-6146c837c907,Nana Riwayatie,nana riwayatie,,https://github.com/burhansa25/graph,,
alumni-eacebea3f5fe,Nani Soedarsono,nani soedarsono,,https://github.com/burhansa25/graph,,
alumni-2d3223ca8cc1,Ni Luh Djelantik,ni luh djelantik,,https://github.com/burhansa25/graph,,
alumni-ba855c60f126,Ni Made Ayu Marthini,ni made ayu marthini,,https://github.com/burhansa25/graph,,
alumni-d73643fe270d,Nia Kurniasih Ardikoesoema,nia kurniasih ardikoesoema,,https://github.com/burhansa25/graph,,
alumni-a657f35e1873,Nicke Widyawati,nicke widyawati,,https://github.com/burhansa25/graph,,
alumni-1d989a22494a,Nirwan Dewanto,nirwan dewanto,,https://github.com/burhansa25/graph,,
alumni-ae2d57188074,Norbaiti Isran Noor,norbaiti isran noor,,https://github.com/burhansa25/graph,,
alumni-c413fd6b1667,Norman Erikson Pasaribu,norman erikson pasaribu,,https://github.com/burhansa25/graph,,
alumni-55cc065fa82b,Nova Riyanti Yusuf,nova riyanti yusuf,,https://github.com/burhansa25/graph,,
alumni-8802a819fe7b,Nur Yasin,nur yasin,,https://github.com/burhansa25/graph,,
alumni-720db7c3d2a3,Nurdin Abdullah,nurdin abdullah,,https://github.com/burhansa25/graph,,
alumni-f20f8f1f4e72,Nurdin Halid,nurdin halid,,https://github.com/burhansa25/graph,,
alumni-784935df2900,Nurfitriyana Saiman,nurfitriyana saiman,,https://github.com/burhansa25/graph,,
alumni-3ac000487651,Nurhajizah Marpaung,nurhajizah marpaung,,https://github.com/burhansa25/graph,,
alumni-ef293ea12b61,Nurul Akmal,nurul akmal,,https://github.com/burhansa25/graph,,
alumni-eeda021ec9f4,Oetit Koswara,oetit koswara,,https://github.com/burhansa25/graph,,
alumni-beacabd37c90,Oka Rusmini,oka rusmini,,https://github.com/burhansa25/graph,,
alumni-732694165cc5,Okky Madasari,okky madasari,,https://github.com/burhansa25/graph,,
alumni-b30fb17bd55c,Omar Daniel (actor),omar daniel (actor),,https://github.com/burhansa25/graph,,
alumni-a87ff9eca408,Onesimus Sahuleka,onesimus sahuleka,,https://github.com/burhansa25/graph,,
alumni-613d6b2bd991,Onno W. Purbo,onno w. purbo,,https://github.com/burhansa25/graph,,
alumni-b82e97b15e83,Oscar Wambrauw,oscar wambrauw,,https://github.com/burhansa25/graph,,
alumni-5909f0fabfd5,Otong Kosasih,otong kosasih,,https://github.com/burhansa25/graph,,
alumni-b8bcef9f8338,Otto Hasibuan,otto hasibuan,,https://github.com/burhansa25/graph,,
alumni-e04b51e7ecf0,Ova Emilia,ova emilia,,https://github.com/burhansa25/graph,,
alumni-a7a7c8e40fdb,Pandji Pragiwaksono,pandji pragiwaksono,,https://github.com/burhansa25/graph,,
alumni-0175d039c625,Pantur Silaban,pantur silaban,,https://github.com/burhansa25/graph,,
alumni-0f9c245475f2,Paripurna P. Sugarda,paripurna p. sugarda,,https://github.com/burhansa25/graph,,
alumni-2ebfee5abad6,Patimah Moerwani,patimah moerwani,,https://github.com/burhansa25/graph,,
alumni-a5b1c62aaf44,Peb Ruswono Aryan,peb ruswono aryan,,https://github.com/burhansa25/graph,,
alumni-2cf5af3f0d06,Perry Warjiyo,perry warjiyo,,https://github.com/burhansa25/graph,,
alumni-0a2a727070ad,Piet Alexander Tallo,piet alexander tallo,,https://github.com/burhansa25/graph,,
alumni-896fac65e0d5,Poltak Maruli John Liberty Hutagaol,poltak maruli john liberty hutagaol,,https://github.com/burhansa25/graph,,
alumni-dd6a147d343f,Poltak Maruli John Liberty Hutagaol,poltak maruli john liberty hutagaol,,https://github.com/burhansa25/graph,,
alumni-50a203d9a42e,Prabowo Subianto,prabowo subianto,,https://github.com/burhansa25/graph,,
alumni-3998da15865f,Pratikno,pratikno,,https://github.com/burhansa25/graph,,
alumni-3db6a0cf5610,Pri Pambudi Teguh,pri pambudi teguh,,https://github.com/burhansa25/graph,,
alumni-eb961865f756,Prigi Arisandi,prigi arisandi,,https://github.com/burhansa25/graph,,
alumni-90ccc6723d10,Princess Megonondo,princess megonondo,,https://github.com/burhansa25/graph,,
alumni-cac3980fc5bd,Purnomo Yusgiantoro,purnomo yusgiantoro,,https://github.com/burhansa25/graph,,
alumni-5d474b486866,Putih Sari,putih sari,,https://github.com/burhansa25/graph,,
alumni-b696c416e8b9,Putri Marino,putri marino,,https://github.com/burhansa25/graph,,
alumni-123e7513ddb2,Putri Raemawasti,putri raemawasti,,https://github.com/burhansa25/graph,,
alumni-d21a7700cb89,Rachmadi Bambang Sumadhijo,rachmadi bambang sumadhijo,,https://github.com/burhansa25/graph,,
alumni-1c6cba41b5cd,Rachmat Witoelar,rachmat witoelar,,https://github.com/burhansa25/graph,,
alumni-7ed438a4eecd,Rahma Landy Sjahruddin,rahma landy sjahruddin,,https://github.com/burhansa25/graph,,
alumni-faa7f3320503,Rais Abin,rais abin,,https://github.com/burhansa25/graph,,
alumni-546fce9eac6c,Raisa (singer),raisa (singer),,https://github.com/burhansa25/graph,,
alumni-2f67773d0ca0,Raja Inal Siregar,raja inal siregar,,https://github.com/burhansa25/graph,,
alumni-23c9e073ea0b,Ram Soraya,ram soraya,,https://github.com/burhansa25/graph,,
alumni-bbc1fe97cb24,Randy Pangalila,randy pangalila,,https://github.com/burhansa25/graph,,
alumni-fe0803a93d36,Ratna Ani Lestari,ratna ani lestari,,https://github.com/burhansa25/graph,,
alumni-18e7b47f0a53,Ratna Eka Suminar,ratna eka suminar,,https://github.com/burhansa25/graph,,
alumni-61f55b7c6526,Razie Jachya,razie jachya,,https://github.com/burhansa25/graph,,
alumni-aecf4e69ac06,Reda Manthovani,reda manthovani,,https://github.com/burhansa25/graph,,
alumni-d1866cc8e8a2,Reini Wirahadikusumah,reini wirahadikusumah,,https://github.com/burhansa25/graph,,
alumni-7605dc38093f,Rendra,rendra,,https://github.com/burhansa25/graph,,
alumni-cbc19d45af97,Rengga Prakoso Nugroho,rengga prakoso nugroho,,https://github.com/burhansa25/graph,,
alumni-d1e581296ff2,Retno Marsudi,retno marsudi,,https://github.com/burhansa25/graph,,
alumni-022376111982,Rico Waas,rico waas,,https://github.com/burhansa25/graph,,
alumni-c3c1a11c4100,Rico Waas,rico waas,,https://github.com/burhansa25/graph,,
alumni-b8b3b630ad6b,Ridwan Kamil,ridwan kamil,,https://en.wikipedia.org/wiki/Ridwan_Kamil,,
alumni-a9d93ad52e30,Rizal Effendi,rizal effendi,,https://github.com/burhansa25/graph,,
alumni-316d48995684,Rizal Mallarangeng,rizal mallarangeng,,https://github.com/burhansa25/graph,,
alumni-5f27cbb8f567,Rizal Ramli,rizal ramli,,https://github.com/burhansa25/graph,,
alumni-b06105b6e01b,Robert Budi Hartono,robert budi hartono,,https://github.com/burhansa25/graph,,
alumni-1a66c0809259,Rohidin Mersyah,rohidin mersyah,,https://github.com/burhansa25/graph,,
alumni-bf4b4ac6844a,Rohidin Mersyah,rohidin mersyah,,https://github.com/burhansa25/graph,,
alumni-1c6074e3f8b8,Roosseno Soerjohadikoesoemo,roosseno soerjohadikoesoemo,,https://github.com/burhansa25/graph,,
alumni-31d687141c11,Roy Suryo,roy suryo,,https://github.com/burhansa25/graph,,
alumni-1c35d4e54a6e,Rozik Boedioro Soetjipto,rozik boedioro soetjipto,,https://github.com/burhansa25/graph,,
alumni-33ca3b6f5e38,Rui Maria de Araújo,rui maria de araújo,,https://github.com/burhansa25/graph,,
alumni-ef3e4f3d617c,Rui Maria de Araújo,rui maria de araújo,,https://github.com/burhansa25/graph,,
alumni-5426d6c5ac5e,Rusdi Kirana,rusdi kirana,,https://github.com/burhansa25/graph,,
alumni-03f4e899428d,Rustam Effendy Nainggolan,rustam effendy nainggolan,,https://github.com/burhansa25/graph,,
alumni-2183d001692f,Ryamizard Ryacudu,ryamizard ryacudu,,https://github.com/burhansa25/graph,,
alumni-08b01f31e41d,Sabrina Chairunnisa,sabrina chairunnisa,,https://github.com/burhansa25/graph,,
alumni-a1c8bb898665,Safaruddin (politician),safaruddin (politician),,https://github.com/burhansa25/graph,,
alumni-0ecaef26b18c,Sahati Suharto,sahati suharto,,https://github.com/burhansa25/graph,,
alumni-328911f354b4,Sahbirin Noor,sahbirin noor,,https://github.com/burhansa25/graph,,
alumni-fea6fda58a6e,Sahruddin Jamal,sahruddin jamal,,https://github.com/burhansa25/graph,,
alumni-6abfbd995d8c,Saiful Akbar,saiful akbar,,https://github.com/burhansa25/graph,,
alumni-62392e066823,Sakdiyah Ma'ruf,sakdiyah ma'ruf,,https://github.com/burhansa25/graph,,
alumni-4b708c13c8a0,Sakti Wahyu Trenggono,sakti wahyu trenggono,,https://github.com/burhansa25/graph,,
alumni-d137e73d8960,Sakti Wahyu Trenggono,sakti wahyu trenggono,,https://github.com/burhansa25/graph,,
alumni-3a65759e9c28,Salahuddin Wahid,salahuddin wahid,,https://github.com/burhansa25/graph,,
alumni-39921bdb5818,Saldi Isra,saldi isra,,https://github.com/burhansa25/graph,,
alumni-bbb469f9f9ee,Saldi Isra,saldi isra,,https://en.wikipedia.org/wiki/Saldi_Isra,,
alumni-c68e517a1091,Saldi Isra,saldi isra,,https://github.com/burhansa25/graph,,
alumni-671e79d84aa6,Saleh Lasata,saleh lasata,,https://github.com/burhansa25/graph,,
alumni-67c1fe1a8a15,Salundik Gohong,salundik gohong,,https://github.com/burhansa25/graph,,
alumni-3aec24d8c1e5,Samaun Samadikun,samaun samadikun,,https://github.com/burhansa25/graph,,
alumni-196ea66f1415,Samsul Rizal,samsul rizal,,https://github.com/burhansa25/graph,,
alumni-e249de692b96,Sang Nyoman Sedana Arta,sang nyoman sedana arta,,https://github.com/burhansa25/graph,,
alumni-2d02e93716ac,Saparinah Sadli,saparinah sadli,,https://github.com/burhansa25/graph,,
alumni-5e06d1c7b2f2,Satryo Brodjonegoro,satryo brodjonegoro,,https://github.com/burhansa25/graph,,
alumni-5315ff6dd87d,Satya Widya Yudha,satya widya yudha,,https://github.com/burhansa25/graph,,
alumni-e834baf464cd,Saud Purwanto Krisnawan,saud purwanto krisnawan,,https://github.com/burhansa25/graph,,
alumni-710505c0a151,Sayuti Abubakar,sayuti abubakar,,https://github.com/burhansa25/graph,,
alumni-b9c423e6d66f,Sayuti Abubakar,sayuti abubakar,,https://github.com/burhansa25/graph,,
alumni-50519a4dcc8e,Setiadi Reksoprodjo,setiadi reksoprodjo,,https://github.com/burhansa25/graph,,
alumni-1a72692aa562,Shaimoery Wignjo Soebroto,shaimoery wignjo soebroto,,https://github.com/burhansa25/graph,,
alumni-b418f7d5edd8,Shaleh Muhamad Aldjufri,shaleh muhamad aldjufri,,https://github.com/burhansa25/graph,,
alumni-e40e0396b10c,Sidharto Reza Suryodipuro,sidharto reza suryodipuro,,https://github.com/burhansa25/graph,,
alumni-26b45a3a9c24,Sientje Sondakh Mandey,sientje sondakh mandey,,https://github.com/burhansa25/graph,,
alumni-76ef73b93857,Sientje Sondakh Mandey,sientje sondakh mandey,,https://github.com/burhansa25/graph,,
alumni-797e45d1a5aa,Sigit Pamungkas,sigit pamungkas,,https://github.com/burhansa25/graph,,
alumni-272601dbc358,Simon Soekarno,simon soekarno,,https://github.com/burhansa25/graph,,
alumni-9e0dd9f149ce,Sintong Panjaitan,sintong panjaitan,,https://github.com/burhansa25/graph,,
alumni-485d6ff1742c,Sinyo Harry Sarundajang,sinyo harry sarundajang,,https://github.com/burhansa25/graph,,
alumni-f7edd57aa14b,Sinyo Harry Sarundajang,sinyo harry sarundajang,,https://github.com/burhansa25/graph,,
alumni-fb27c30908ec,Siswo Pramono,siswo pramono,,https://github.com/burhansa25/graph,,
alumni-231175d9574f,Siswono Yudo Husodo,siswono yudo husodo,,https://github.com/burhansa25/graph,,
alumni-eae060c89b1b,Siti Chamamah Soeratno,siti chamamah soeratno,,https://github.com/burhansa25/graph,,
alumni-55c1543f62f1,Siti Fadilah,siti fadilah,,https://en.wikipedia.org/wiki/Siti_Fadilah_Supari,,
alumni-46c45b0d143b,Siti Fadilah Supari,siti fadilah supari,,https://github.com/burhansa25/graph,,
alumni-bbd780ca73cf,Siti Hardiyanti Rukmana,siti hardiyanti rukmana,,https://github.com/burhansa25/graph,,
alumni-f5c9a4765630,Siti Mirza Nuria Arifin,siti mirza nuria arifin,,https://github.com/burhansa25/graph,,
alumni-1c4c0db2dcf3,Siti Noordjannah Djohantini,siti noordjannah djohantini,,https://github.com/burhansa25/graph,,
alumni-b8af062e3aa7,Siti Nurbaya Bakar,siti nurbaya bakar,,https://github.com/burhansa25/graph,,
alumni-7822587639ed,Siti Wuryan Prayitno,siti wuryan prayitno,,https://github.com/burhansa25/graph,,
alumni-c83e90ad9df8,Slamet Dajono,slamet dajono,,https://github.com/burhansa25/graph,,
alumni-e76c11b4f57f,Slamet Dajono,slamet dajono,,https://github.com/burhansa25/graph,,
alumni-057b2df8d05c,Soedarsono Hadisapoetro,soedarsono hadisapoetro,,https://github.com/burhansa25/graph,,
alumni-b8541d8c6e68,Soedjana Sapi'ie,soedjana sapi'ie,,https://github.com/burhansa25/graph,,
alumni-9eb23fb4e2b7,Soekisno Hadikoemoro,soekisno hadikoemoro,,https://github.com/burhansa25/graph,,
alumni-87dc0fab59e7,Soemartini,soemartini,,https://github.com/burhansa25/graph,,
alumni-ded2fdf05202,Soemono,soemono,,https://github.com/burhansa25/graph,,
alumni-18ee6cbfbca6,Soeparmanto,soeparmanto,,https://github.com/burhansa25/graph,,
alumni-e1bf3538c919,Soeparto Tjitrodihardjo,soeparto tjitrodihardjo,,https://github.com/burhansa25/graph,,
alumni-26de98782e2f,Soepojo Padmodipoetro,soepojo padmodipoetro,,https://github.com/burhansa25/graph,,
alumni-006856c9ad60,Soetedjo,soetedjo,,https://github.com/burhansa25/graph,,
alumni-fcee7cc50b68,Sofyan Tan,sofyan tan,,https://github.com/burhansa25/graph,,
alumni-10db4f053684,Sondang Tiar Debora Tampubolon,sondang tiar debora tampubolon,,https://github.com/burhansa25/graph,,
alumni-aa36ea120821,Sonia Fergina Citra,sonia fergina citra,,https://github.com/burhansa25/graph,,
alumni-e093772d72ed,Sophie Kirana,sophie kirana,,https://github.com/burhansa25/graph,,
alumni-90d0395b772f,Sri Adiningsih,sri adiningsih,,https://github.com/burhansa25/graph,,
alumni-4b360b7d2eee,Sri Mulyani Indrawati,sri mulyani indrawati,,https://en.wikipedia.org/wiki/Sri_Mulyani,,
alumni-113a9d0e76f2,Stefani Hid,stefani hid,,https://github.com/burhansa25/graph,,
alumni-f60c57836921,Sudhamek Agung Waspodo Sunyoto,sudhamek agung waspodo sunyoto,,https://github.com/burhansa25/graph,,
alumni-dfb9681e4f69,Sudirman Said,sudirman said,,https://github.com/burhansa25/graph,,
alumni-40127489796a,Sudjadi,sudjadi,,https://github.com/burhansa25/graph,,
alumni-f55cf27f4f5c,Sudjadnan Parnohadiningrat,sudjadnan parnohadiningrat,,https://github.com/burhansa25/graph,,
alumni-72b1fc9fba4f,Sudrajat,sudrajat,,https://github.com/burhansa25/graph,,
alumni-b551cd8f85a0,Suhadi Reksowardojo,suhadi reksowardojo,,https://github.com/burhansa25/graph,,
alumni-3f093c5677f7,Suharna Surapranata,suharna surapranata,,https://github.com/burhansa25/graph,,
alumni-03dff1a884e0,Sujamto,sujamto,,https://github.com/burhansa25/graph,,
alumni-b0aaef12fc93,Sukadji Ranuwihardjo,sukadji ranuwihardjo,,https://github.com/burhansa25/graph,,
alumni-4f127979099e,Sukardjan Hadisutikno,sukardjan hadisutikno,,https://github.com/burhansa25/graph,,
alumni-d1e2cdba6470,Sukardjan Hadisutikno,sukardjan hadisutikno,,https://github.com/burhansa25/graph,,
alumni-6e04bf722b01,Sukarno,sukarno,,https://github.com/burhansa25/graph,,
alumni-bd44e61b1b2b,Sulaiman Syarif,sulaiman syarif,,https://github.com/burhansa25/graph,,
alumni-ea5758f9b5f1,Sumahadi,sumahadi,,https://github.com/burhansa25/graph,,
alumni-075bbc6416c5,Sumaryanto,sumaryanto,,https://en.wikipedia.org/wiki/Sumaryanto,,
alumni-b35cfd5ac9ae,Sumaryanto,sumaryanto,,https://en.wikipedia.org/wiki/Sumaryanto,,
alumni-b83e5abf0795,Sumaryanto,sumaryanto,,https://en.wikipedia.org/wiki/Sumaryanto,,
alumni-ae3445821170,Supriatna,supriatna,,https://github.com/burhansa25/graph,,
alumni-161bd455e139,Surono,surono,,https://github.com/burhansa25/graph,,
alumni-b6a79203d03e,Suryadharma Ali,suryadharma ali,,https://github.com/burhansa25/graph,,
alumni-8b1335ae4829,Suryopratomo,suryopratomo,,https://en.wikipedia.org/wiki/Suryopratomo,,
alumni-aa689bc31945,Suryopratomo,suryopratomo,,https://github.com/burhansa25/graph,,
alumni-cab88d75da75,Susanto Pudjomartono,susanto pudjomartono,,https://github.com/burhansa25/graph,,
alumni-48f8f397a347,Susanty Manuhutu,susanty manuhutu,,https://github.com/burhansa25/graph,,
alumni-01c63a7f7709,Susi Pudjiastuti,susi pudjiastuti,,https://github.com/burhansa25/graph,,
alumni-8a424a0c0009,Susilo Sudarman,susilo sudarman,,https://github.com/burhansa25/graph,,
alumni-8ab60ee4f338,Suswono,suswono,,https://github.com/burhansa25/graph,,
alumni-4f2c03e53473,Sutiaji,sutiaji,,https://github.com/burhansa25/graph,,
alumni-a1f3468610db,Sutiyoso,sutiyoso,,https://github.com/burhansa25/graph,,
alumni-f987b873f505,Sutiyoso,sutiyoso,,https://en.wikipedia.org/wiki/Sutiyoso,,
alumni-0a8253ff23dd,Syahda Guruh Langkah Samudera,syahda guruh langkah samudera,,https://github.com/burhansa25/graph,,
alumni-b833a3ca43dd,Syahril Sabirin,syahril sabirin,,https://github.com/burhansa25/graph,,
alumni-ff873f84e1a7,Syahrul,syahrul,,https://github.com/burhansa25/graph,,
alumni-6f349c7fd23b,Syahrul Yasin Limpo,syahrul yasin limpo,,https://github.com/burhansa25/graph,,
alumni-763c882dd85a,Syamsuar,syamsuar,,https://github.com/burhansa25/graph,,
alumni-89b9fa9ff7dd,Syamsuar,syamsuar,,https://github.com/burhansa25/graph,,
alumni-b861dc40f7a1,Syarwan Hamid,syarwan hamid,,https://github.com/burhansa25/graph,,
alumni-6b5f611119a0,Tan Lioe Ie,tan lioe ie,,https://github.com/burhansa25/graph,,
alumni-2af1a9ed18c4,Tandiyo Rahayu,tandiyo rahayu,,https://github.com/burhansa25/graph,,
alumni-4a1297e6efe4,Tandiyo Rahayu,tandiyo rahayu,,https://github.com/burhansa25/graph,,
alumni-40f3bf64b799,Tanri Abeng,tanri abeng,,https://github.com/burhansa25/graph,,
alumni-ca041cf72424,Tanri Abeng,tanri abeng,,https://github.com/burhansa25/graph,,
alumni-bb2cbaa85323,Tatacipta Dirgantara,tatacipta dirgantara,,https://github.com/burhansa25/graph,,
alumni-d090b06d7604,Tati Suryati Syamsudin,tati suryati syamsudin,,https://github.com/burhansa25/graph,,
alumni-053b8c5fc8b1,Taufik Basari,taufik basari,,https://github.com/burhansa25/graph,,
alumni-7fb2edee7cbc,Taufik Kurniawan,taufik kurniawan,,https://github.com/burhansa25/graph,,
alumni-6b9cdd1aee73,Taufikurrahman Saleh,taufikurrahman saleh,,https://github.com/burhansa25/graph,,
alumni-04b15a7198a3,Taufiq Kiemas,taufiq kiemas,,https://github.com/burhansa25/graph,,
alumni-6d2b2c4afd8f,Tedjo Edhy Purdijatno,tedjo edhy purdijatno,,https://github.com/burhansa25/graph,,
alumni-4eb1e29727ad,Teguh Setyabudi,teguh setyabudi,,https://github.com/burhansa25/graph,,
alumni-88036ebc683b,Teguh Setyabudi,teguh setyabudi,,https://github.com/burhansa25/graph,,
alumni-e149c5781c06,Tengku Erry Nuradi,tengku erry nuradi,,https://github.com/burhansa25/graph,,
alumni-686785f9724e,Terawan Agus Putranto,terawan agus putranto,,https://github.com/burhansa25/graph,,
alumni-d39a2086c8f9,Terawan Agus Putranto,terawan agus putranto,,https://github.com/burhansa25/graph,,
alumni-fed3227f385f,Terawan Agus Putranto,terawan agus putranto,,https://github.com/burhansa25/graph,,
alumni-9e512b35f143,Tiago Amaral Sarmento,tiago amaral sarmento,,https://github.com/burhansa25/graph,,
alumni-a6ad9ac7bee5,Tiara Andini,tiara andini,,https://github.com/burhansa25/graph,,
alumni-2ac0ee33824d,Tifauzia Tyassuma,tifauzia tyassuma,,https://github.com/burhansa25/graph,,
alumni-e02ad8633b13,Tika Panggabean,tika panggabean,,https://github.com/burhansa25/graph,,
alumni-0fbe01d63969,Titarubi,titarubi,,https://github.com/burhansa25/graph,,
alumni-90d14e916de3,Tjahjo Kumolo,tjahjo kumolo,,https://github.com/burhansa25/graph,,
alumni-28cc68888561,Tjilik Riwut,tjilik riwut,,https://github.com/burhansa25/graph,,
alumni-0c0c736684a0,Tjokorda Gde Surya Putra,tjokorda gde surya putra,,https://github.com/burhansa25/graph,,
alumni-40590e46631b,Tjokorda Raka Sukawati,tjokorda raka sukawati,,https://github.com/burhansa25/graph,,
alumni-76aa5332baa4,Tjokorda Raka Sukawati,tjokorda raka sukawati,,https://github.com/burhansa25/graph,,
alumni-6a8d637beced,Tri Budi Utomo,tri budi utomo,,https://github.com/burhansa25/graph,,
alumni-964f6b1a0d3a,Tri Mumpuni,tri mumpuni,,https://github.com/burhansa25/graph,,
alumni-cfbc50783b40,Tri Rismaharini,tri rismaharini,,https://github.com/burhansa25/graph,,
alumni-f7e3b2f5f0c8,Trimarjono,trimarjono,,https://github.com/burhansa25/graph,,
alumni-c3c9f5462a5b,Try Sutrisno,try sutrisno,,https://github.com/burhansa25/graph,,
alumni-2d1da94f751a,Tubagus Hasanuddin,tubagus hasanuddin,,https://github.com/burhansa25/graph,,
alumni-dcc275e60406,Tumpal Tampubolon,tumpal tampubolon,,https://github.com/burhansa25/graph,,
alumni-7d42a2da5445,Ucu Agustin,ucu agustin,,https://github.com/burhansa25/graph,,
alumni-7590b07fd0dd,Umbu Dedu Ngara,umbu dedu ngara,,https://github.com/burhansa25/graph,,
alumni-763bb21b5a5b,Umi Dachlan,umi dachlan,,https://github.com/burhansa25/graph,,
alumni-843293c26d6f,Valina Singka Subekti,valina singka subekti,,https://github.com/burhansa25/graph,,
alumni-b1c6a4cc0770,Vania Fitryanti,vania fitryanti,,https://github.com/burhansa25/graph,,
alumni-693f04f0fb17,Vedi Kurnia Buana,vedi kurnia buana,,https://github.com/burhansa25/graph,,
alumni-43d2747565a1,Vicky Lumentut,vicky lumentut,,https://github.com/burhansa25/graph,,
alumni-f7aa33a3c218,Vicky Lumentut,vicky lumentut,,https://github.com/burhansa25/graph,,
alumni-f0acfb31a923,Vincentius Sonny Loho,vincentius sonny loho,,https://github.com/burhansa25/graph,,
alumni-0aca5853a695,W. T. P. Simarmata,w. t. p. simarmata,,https://github.com/burhansa25/graph,,
alumni-8fcd465d9850,Wahid Supriyadi,wahid supriyadi,,https://github.com/burhansa25/graph,,
alumni-42719c1b8df1,Wahiduddin Adams,wahiduddin adams,,https://github.com/burhansa25/graph,,
alumni-84959788b4fd,Wajid Fauzi,wajid fauzi,,https://github.com/burhansa25/graph,,
alumni-f9ea926e1f4e,Wajid Fauzi,wajid fauzi,,https://github.com/burhansa25/graph,,
alumni-d51dd52d2bf6,Wan Ahmad Dahlan Abdul Aziz,wan ahmad dahlan abdul aziz,,https://github.com/burhansa25/graph,,
alumni-5f082ced1add,Wardojo,wardojo,,https://github.com/burhansa25/graph,,
alumni-35235fdb7705,Werry Darta Taifur,werry darta taifur,,https://en.wikipedia.org/wiki/Werry_Darta_Taifur,,
alumni-1b709c7db875,Wibi Andrino,wibi andrino,,https://github.com/burhansa25/graph,,
alumni-5ce3394f1f29,Wibi Andrino,wibi andrino,,https://github.com/burhansa25/graph,,
alumni-90670599897a,Widi Prasetijono,widi prasetijono,,https://github.com/burhansa25/graph,,
alumni-04b0cfbdd58a,Widodo Adi Sutjipto,widodo adi sutjipto,,https://github.com/burhansa25/graph,,
alumni-e494e3b9cf4b,Widyasari Her Nugrahandika,widyasari her nugrahandika,,https://github.com/burhansa25/graph,,
alumni-0b0a492bcbb4,Wikan Sakarinto,wikan sakarinto,,https://github.com/burhansa25/graph,,
alumni-ceb6a4e35f82,William Tanuwijaya,william tanuwijaya,,https://github.com/burhansa25/graph,,
alumni-97af5c138580,Willy Susilo,willy susilo,,https://github.com/burhansa25/graph,,
alumni-cb41f8d462ec,Wiranto Arismunandar,wiranto arismunandar,,https://en.wikipedia.org/wiki/Wiranto_Arismunandar,,
alumni-d94a874395bc,Wiranto Arismunandar,wiranto arismunandar,,https://en.wikipedia.org/wiki/Wiranto_Arismunandar,,
alumni-bdf3eae09e4b,Witjaksono Adji,witjaksono adji,,https://github.com/burhansa25/graph,,
alumni-fb15673ba669,Yahya Cholil Staquf,yahya cholil staquf,,https://github.com/burhansa25/graph,,
alumni-1b7d3b4ddcd2,Yahya Harahap,yahya harahap,,https://github.com/burhansa25/graph,,
alumni-36edc3f1a1eb,Yasonna Laoly,yasonna laoly,,https://github.com/burhansa25/graph,,
alumni-5152313d084d,Yeni Rosa Damayanti,yeni rosa damayanti,,https://github.com/burhansa25/graph,,
alumni-c048e2a934c0,Yenny Wahid,yenny wahid,,https://github.com/burhansa25/graph,,
alumni-54c857de37cd,Yosep Anggi Noen,yosep anggi noen,,https://github.com/burhansa25/graph,,
alumni-2e636296614f,Yudas Sabaggalet,yudas sabaggalet,,https://github.com/burhansa25/graph,,
alumni-3ec941a3f8d2,Yuhara Sukra,yuhara sukra,,https://github.com/burhansa25/graph,,
alumni-707c31dfd809,Yuli Mumpuni Widarso,yuli mumpuni widarso,,https://github.com/burhansa25/graph,,
alumni-dbe0c651ea02,Yvonne Mewengkang,yvonne mewengkang,,https://github.com/burhansa25/graph,,
alumni-1b681d47f9a7,Zaenal Ma'arif,zaenal ma'arif,,https://github.com/burhansa25/graph,,
alumni-8be2f2370687,Zaenal Ma'arif,zaenal ma'arif,,https://github.com/burhansa25/graph,,
alumni-9e1be8edf72a,Zainal Arifin Mochtar,zainal arifin mochtar,,https://github.com/burhansa25/graph,,
alumni-545b2361a802,Zainal Arifin Paliwang,zainal arifin paliwang,,https://github.com/burhansa25/graph,,
alumni-be0c27831129,Zainal Arifin Paliwang,zainal arifin paliwang,,https://github.com/burhansa25/graph,,
alumni-8921692aeae9,Zuiyen Rais,zuiyen rais,,https://github.com/burhansa25/graph,,
alumni-f575ce582fb5,Zuiyen Rais,zuiyen rais,,https://github.com/burhansa25/graph,,
