alumniId,positionName
alumni-006856c9ad60,Rektor
alumni-021d5d751dd0,anggota DPR-RI
alumni-041729be581d,Gubernur Gorontalo
alumni-04623bbef7f7,Rector
alumni-04b0cfbdd58a,Chief
alumni-04b0cfbdd58a,Commander
alumni-04b0cfbdd58a,Coordinating Ministry for Political and Security Affairs
alumni-04b0cfbdd58a,Deputy commander
alumni-04b15a7198a3,First ladies and gentlemen
alumni-04b15a7198a3,Second ladies and gentlemen
alumni-04b15a7198a3,Speakers
alumni-051aa9fcab32,Rektor
alumni-053b8c5fc8b1,anggota DPR-RI
alumni-055afc9614d2,Rector
alumni-05a4239b905e,Bupati Ciamis
alumni-05cad96ba7bd,Chief
alumni-05cad96ba7bd,Commander
alumni-06df0f1cc57f,Menteri Hukum dan Hak Asasi Manusia Republik Indonesia
alumni-06df0f1cc57f,Menteri Luar Negeri
alumni-075bbc6416c5,rektor
alumni-08b01f31e41d,2011
alumni-08b01f31e41d,2011 Puteri Indonesia Sumatera Utara
alumni-08b01f31e41d,3
alumni-08b01f31e41d,3rd Runner Up Puteri Indonesia 2011
alumni-08d18f2cae64,Rektor
alumni-09d94215f57d,Sekretaris Daerah Provinsi Jawa Barat
alumni-09fb054c5c34,Governor
alumni-0a2a727070ad,Governor
alumni-0a9e52cb7436,Ambassador
alumni-0bd7552d9237,Bangli regency regional house
alumni-0bd7552d9237,Vice regents
alumni-1044c2227a7f,Miss Universe 2007
alumni-1044c2227a7f,Miss Universe Indonesia 2007
alumni-1044c2227a7f,Puteri Central Java
alumni-1044c2227a7f,Puteri Indonesia
alumni-1044c2227a7f,Puteri Indonesia 2006
alumni-123e7513ddb2,Miss Universe Indonesia 2008
alumni-123e7513ddb2,Puteri East Java
alumni-123e7513ddb2,Puteri Indonesia
alumni-123e7513ddb2,Puteri Indonesia 2007
alumni-13a4921f0821,"Wawancara Karlina Leksono: ""Kita Sudah Terlalu Lama Diam"""
alumni-166a96330676,Wakil Menteri Dalam Negeri Indonesia
alumni-17b5a331c971,Coordinating Ministry for Political and Security Affairs
alumni-17b5a331c971,Deputy speakers
alumni-17b5a331c971,Head
alumni-17b5a331c971,Minister
alumni-17e604a607cf,Coordinating Minister for Human Development and Cultural Affairs
alumni-17e604a607cf,Menteri Pendidikan Dasar dan Kebudayaan Indonesia
alumni-18223247106a,Rektor
alumni-18223247106a,rektor
alumni-18e7b47f0a53,asisten ahli
alumni-196ea66f1415,rektor
alumni-199b2d8f27e8,Governor
alumni-19febd99226d,Chairman
alumni-19febd99226d,Speaker
alumni-1a72692aa562,Wali Kota Sawahlunto
alumni-1b2a1226c18e,Duta Besar Indonesia untuk Belanda
alumni-1be3396d3afa,anggota DPR-RI
alumni-1c4c0db2dcf3,Leader
alumni-1c6cba41b5cd,State minister
alumni-1e5bec94c415,anggota DPR-RI
alumni-1e5bec94c415,anggota Dewan Perwakilan Rakyat Daerah Indonesia
alumni-1f76a7625fdc,duta besar
alumni-20a2e6107bf4,Ambassador
alumni-2183d001692f,Chief
alumni-2183d001692f,Commander
alumni-2183d001692f,Minister
alumni-2346f8828376,Menteri Keuangan
alumni-238557529084,Miss Universe Indonesia 2016
alumni-238557529084,Puteri Indonesia
alumni-238557529084,Puteri Indonesia 2016
alumni-238557529084,Puteri North Sulawesi
alumni-238557529084,Puteri Sulawesi Utara 2016
alumni-243719d950a3,Flagbearer for
alumni-266cec9f4e4b,Rektor
alumni-27675cd05ce1,Rector
alumni-27e5e7188911,Miss Universe Indonesia 2015
alumni-27e5e7188911,Puteri Central Java
alumni-27e5e7188911,Puteri Indonesia
alumni-27e5e7188911,Puteri Indonesia 2015
alumni-2802f511b268,Miss Supranational Indonesia 2014
alumni-2802f511b268,Puteri Indonesia
alumni-2802f511b268,Puteri Indonesia 2014
alumni-2802f511b268,Puteri Indonesia Pariwisata 2014
alumni-2802f511b268,Puteri Yogyakarta
alumni-280bf6b3dd11,*Miss Earth Indonesia 2021
alumni-280bf6b3dd11,List of Miss Indonesia Earth
alumni-280bf6b3dd11,Luisa Andrea Soemitha
alumni-280bf6b3dd11,Miss Earth Indonesia
alumni-28fe3bdb1d7a,Miss Supranational 2016
alumni-28fe3bdb1d7a,Miss Supranational Indonesia 2016
alumni-28fe3bdb1d7a,Puteri Indonesia 2016
alumni-28fe3bdb1d7a,Puteri Indonesia Pariwisata
alumni-28fe3bdb1d7a,Puteri Indonesia Pariwisata 2016
alumni-28fe3bdb1d7a,Puteri West Sumatra
alumni-2af1a9ed18c4,dekan
alumni-2cf5af3f0d06,Bank Indonesia
alumni-2d693af6c63a,Rektor
alumni-2dda5bdcd03c,Governor
alumni-2dda5bdcd03c,Minister
alumni-30779f3c2dea,Miss Universe Indonesia 2005
alumni-30779f3c2dea,Puteri Bangka Belitung
alumni-30779f3c2dea,Puteri Indonesia
alumni-30779f3c2dea,Puteri Indonesia 2004
alumni-31d687141c11,Minister for Youth and Sports Affairs
alumni-32412a2b0068,Rector
alumni-327e2af9bbbb,dekan
alumni-32a97efea573,Rektor
alumni-337b65caa579,anggota Dewan Perwakilan Rakyat Daerah Indonesia
alumni-33b4342db79e,wakil rektor
alumni-33ca3b6f5e38,Prime minister
alumni-34ae2ae8c386,Governor
alumni-34b0eddf0b25,Menteri Lingkungan Hidup dan Kehutanan Indonesia
alumni-34eb14f042b3,Chief justice
alumni-34eb14f042b3,Deputy chief justice
alumni-34f4d2216bc6,Governor
alumni-34f4d2216bc6,Ministry
alumni-34f4d2216bc6,Vice governor
alumni-35235fdb7705,Rektor
alumni-3542d9dc80be,Rektor
alumni-356b83fb34d5,Puteri Indonesia
alumni-356b83fb34d5,Puteri Indonesia 1996-1999
alumni-356b83fb34d5,Puteri Jakarta SCR 1
alumni-36aa15127964,Dosen
alumni-39921bdb5818,Ketua
alumni-39ee0c8c42e5,Coordinating Ministry for Human Development and Cultural Affairs
alumni-39ee0c8c42e5,Speaker
alumni-3d6214293322,dekan
alumni-3d88ec4ed6f4,9
alumni-3da2a5e0a7f9,Rektor
alumni-3e2f7926dcbf,direktur utama
alumni-3e3a64de8ea2,"CEO, Bukalapak"
alumni-3e3a64de8ea2,"CEO, Bukalapak (2010–2020)"
alumni-3f093c5677f7,Ministry
alumni-4129f61d238d,Chief justice
alumni-4129f61d238d,Deputy chief justice
alumni-441421be210d,Miss Asia Pacific World
alumni-441421be210d,Miss Asia Pacific World 2012
alumni-441421be210d,Puteri Indonesia
alumni-441421be210d,Puteri Indonesia 2011
alumni-441421be210d,Puteri Indonesia Pariwisata 2011
alumni-441421be210d,Puteri South Sulawesi
alumni-46c45b0d143b,Minister
alumni-4741ecd91b8c,Chairman
alumni-4741ecd91b8c,Coordinating Minister for People's Welfare
alumni-4741ecd91b8c,Coordinating Minister for the Economy
alumni-4741ecd91b8c,Leader
alumni-4741ecd91b8c,President
alumni-48a10644f79d,Speaker
alumni-48b89dad4270,Permanent representative
alumni-48e376370d94,Chief justice
alumni-48e376370d94,Deputy chief justice
alumni-48f8f397a347,Miss Universe Indonesia
alumni-48f8f397a347,Puteri Indonesia
alumni-48f8f397a347,Puteri Indonesia 1995
alumni-48f8f397a347,Puteri Indonesia 1995(Miss Universe Indonesia 1995)
alumni-48f8f397a347,Puteri Maluku
alumni-491695aafed9,Beauty with a Purpose
alumni-491695aafed9,Julia Morley
alumni-491695aafed9,Miss Indonesia
alumni-491695aafed9,Miss Indonesia 2015
alumni-491695aafed9,Miss World 2015
alumni-491695aafed9,Miss world continental queen
alumni-4a1297e6efe4,dekan
alumni-4b360b7d2eee,Dewan Direksi
alumni-4b360b7d2eee,Majelis Wali Amanat Universitas Indonesia Periode 2019-2024
alumni-4b360b7d2eee,Majelis wali amanat periode 2019-2024
alumni-4b360b7d2eee,Menteri Keuangan
alumni-4b360b7d2eee,Menteri Perencanaan Pembangunan Nasional Indonesia
alumni-4b360b7d2eee,direktur
alumni-4b708c13c8a0,Ministry
alumni-4d20bd81006f,Prime minister
alumni-4dd4a931eeaf,Gianyar Regency
alumni-4dd4a931eeaf,Regent
alumni-4e2395cd8e69,Daftar Ketua Mahkamah Konstitusi Indonesia
alumni-4e2395cd8e69,Menteri Hukum dan Hak Asasi Manusia Republik Indonesia
alumni-4e2395cd8e69,Menteri Koordinator Bidang Politik dan Keamanan
alumni-4e2395cd8e69,Menteri Pendayagunaan Aparatur Negara dan Reformasi Birokrasi
alumni-4e2395cd8e69,Menteri Pertahanan
alumni-4fe05587c883,Duta Besar Indonesia untuk Senegal
alumni-5038bcac7dd7,Majelis wali amanat periode 2019-2024
alumni-5038bcac7dd7,Rektor
alumni-50a203d9a42e,Articles related to Prabowo Subianto
alumni-50a203d9a42e,Commander
alumni-50a203d9a42e,For president
alumni-50a203d9a42e,For vice president
alumni-50a203d9a42e,General chairman
alumni-50a203d9a42e,Gerindra Party nominee
alumni-50a203d9a42e,Kopassus
alumni-50a203d9a42e,Minister
alumni-50a203d9a42e,President
alumni-519482c7beb2,Commander
alumni-519482c7beb2,Coordinating Ministry for Political and Security Affairs
alumni-530855e97407,full professor
alumni-54cc58610ca2,direktur utama
alumni-55c1543f62f1,Menteri Kesehatan Indonesia
alumni-563751bc1afd,Rector
alumni-5682d1c63a5a,"Inspektur Jenderal Kementerian Pendidikan, Kebudayaan, Riset, dan Teknologi"
alumni-5682d1c63a5a,Rektor
alumni-5682d1c63a5a,Rektor Universitas Andalas
alumni-5682d1c63a5a,Rektor Universitas Baiturrahmah
alumni-5682d1c63a5a,"Wakil Menteri Pendidikan, Kebudayaan, Riset, dan Teknologi"
alumni-573f3614e4bb,Miss Indonesia
alumni-573f3614e4bb,Miss Indonesia 2010
alumni-583fa6992dcf,Hakim
alumni-5909f0fabfd5,Rektor
alumni-5a166138daa0,Chief
alumni-5a166138daa0,Commander
alumni-5a166138daa0,Kodam III
alumni-5a166138daa0,Siliwangi
alumni-5a166138daa0,Vice chief
alumni-5a6dab7870f6,Advisors to the office
alumni-5afbc612f65d,Direktur Informasi Perpajakan
alumni-5afbc612f65d,"Direktur jenderal pajak,"
alumni-5afbc612f65d,"Kepala Kantor Wilayah DJP Kalimantan Timur, Balikpapan"
alumni-5afbc612f65d,Kepala Kanwil DJP Jawa Timur I
alumni-5dfe3bcdfeda,Kepala
alumni-5dfe3bcdfeda,Kepala Kepolisian Resor Kabupaten Pati
alumni-5e3a66c38ce3,Wakil Gubernur Daerah Khusus Jakarta
alumni-5e3a66c38ce3,rektor
alumni-6072b8d47317,First ladies and gentlemen
alumni-613d6b2bd991,wakil rektor
alumni-6146c837c907,Miss Universe Indonesia
alumni-6146c837c907,Miss Universe Indonesia 1980
alumni-629d9b3dbfd3,Official website
alumni-677bb66c6250,Governor
alumni-677bb66c6250,Minister
alumni-68940acdfb5b,Puteri Indonesia
alumni-68940acdfb5b,Puteri Indonesia 2015
alumni-68940acdfb5b,Puteri Indonesia Lingkungan 2015
alumni-68940acdfb5b,Puteri South Sumatra
alumni-6973bc228282,Speaker
alumni-6973bc228282,Speakers
alumni-6abfbd995d8c,Dosen
alumni-6b2283119dec,Governor
alumni-6bbca77ad86e,Miss and Mister Supranational
alumni-6bbca77ad86e,Puteri Indonesia
alumni-6bbca77ad86e,Puteri Indonesia Jawa Timur
alumni-6d2b2c4afd8f,Chief
alumni-6d2b2c4afd8f,Commander
alumni-6d2b2c4afd8f,Coordinating Ministry for Political and Security Affairs
alumni-6e04bf722b01,President
alumni-6e04bf722b01,Prime minister
alumni-6e04bf722b01,United states
alumni-6fa17fe853ae,Governor
alumni-6fca27732fd5,Gubernur Sumatera Barat
alumni-6fca27732fd5,anggota DPR-RI
alumni-707c31dfd809,Duta Besar Indonesia untuk Aljazair
alumni-707c31dfd809,Duta Besar Indonesia untuk Spanyol
alumni-7219889d1bbd,Dosen
alumni-73138b576f5b,Miss International 2008
alumni-73138b576f5b,Miss International Indonesia 2008
alumni-73138b576f5b,Puteri Indonesia
alumni-73138b576f5b,Puteri Indonesia 2007
alumni-73138b576f5b,Puteri Indonesia Lingkungan 2007
alumni-73138b576f5b,Puteri North Sumatra
alumni-7338650d6c20,Rektor
alumni-7338650d6c20,Rektor Institut Teknologi Bandung
alumni-73443a68de90,"Inspektur Jenderal Kementerian Pendidikan, Kebudayaan, Riset, dan Teknologi"
alumni-73443a68de90,Rektor
alumni-73443a68de90,Rektor Universitas Andalas
alumni-73443a68de90,Rektor Universitas Baiturrahmah
alumni-73443a68de90,"Wakil Menteri Pendidikan, Kebudayaan, Riset, dan Teknologi"
alumni-74490dd774b0,Advisors to the office
alumni-74490dd774b0,Menteri Energi dan Sumber Daya Mineral Indonesia
alumni-74efe376407a,Dekan fakultas hukum
alumni-755e1d809871,Governor
alumni-755e1d809871,Minister
alumni-75dfa25662a5,Dekan fakultas hukum
alumni-75ee6316de59,anggota DPR-RI
alumni-75ee6316de59,anggota Dewan Perwakilan Rakyat Daerah Indonesia
alumni-764e3259ce70,Miss Universe Indonesia 2014
alumni-764e3259ce70,Puteri East Java
alumni-764e3259ce70,Puteri Indonesia
alumni-764e3259ce70,Puteri Indonesia 2014
alumni-77df7da3a911,profesor
alumni-77df7da3a911,rektor
alumni-792ff3f54219,Governor
alumni-7bc5e33dd0ad,Miss Universe Indonesia 2020
alumni-7bc5e33dd0ad,Puteri East Java
alumni-7bc5e33dd0ad,Puteri Indonesia
alumni-7bc5e33dd0ad,Puteri Indonesia 2020
alumni-7bc5e33dd0ad,Puteri Indonesia Jawa Timur 2020
alumni-7c261c6e1d40,Ambassador
alumni-7c261c6e1d40,Bank Indonesia
alumni-7e4f412b1131,"Inspektur Jenderal Kementerian Pendidikan, Kebudayaan, Riset, dan Teknologi"
alumni-7e4f412b1131,Rektor
alumni-7e4f412b1131,Rektor Universitas Andalas
alumni-7e4f412b1131,Rektor Universitas Baiturrahmah
alumni-7e4f412b1131,"Wakil Menteri Pendidikan, Kebudayaan, Riset, dan Teknologi"
alumni-7ed438a4eecd,Miss International
alumni-7ed438a4eecd,Miss International 1988
alumni-7ed438a4eecd,Miss International 2007
alumni-7ed438a4eecd,Miss International Indonesia 2007
alumni-7ed438a4eecd,Puteri Indonesia
alumni-7ed438a4eecd,Puteri Indonesia Pariwisata
alumni-7ed438a4eecd,Puteri Indonesia Pariwisata 2006
alumni-7ed438a4eecd,Puteri Jakarta SCR 5
alumni-827c5e85cc13,Chairman
alumni-843293c26d6f,Dewan Kehormatan Penyelenggara Pemilihan Umum
alumni-84959788b4fd,Duta Besar Indonesia untuk Suriah
alumni-84959788b4fd,Duta Besar Indonesia untuk Yaman
alumni-84e79951619d,Rektor
alumni-8510f2023099,President
alumni-85f982d9ae72,(Puteri Indonesia Pariwisata)
alumni-85f982d9ae72,Miss Supranational Indonesia 2013
alumni-85f982d9ae72,Miss and Mister Supranational
alumni-85f982d9ae72,Puteri Bali
alumni-85f982d9ae72,Puteri Indonesia
alumni-85f982d9ae72,Puteri Indonesia 2013
alumni-85fd64312ded,Chief
alumni-8612014e915d,Dosen
alumni-8612014e915d,profesor
alumni-876de6d2e687,Bruna Zanardo
alumni-876de6d2e687,Miss International
alumni-876de6d2e687,Miss International 1988
alumni-876de6d2e687,Miss International 2017
alumni-876de6d2e687,Puteri Indonesia
alumni-876de6d2e687,Puteri Indonesia Jawa Barat 2017
alumni-876de6d2e687,Puteri Indonesia Lingkungan
alumni-876de6d2e687,Puteri Indonesia Lingkungan 2017
alumni-876de6d2e687,Puteri West Java
alumni-88f8e640fec9,Rektor
alumni-88f8e640fec9,Rektor Universitas Indonesia
alumni-896fac65e0d5,"Direktur peraturan perpajakan ii, direktorat jenderal pajak,"
alumni-896fac65e0d5,"Kepala Subdirektorat Dampak Kebijakan Direktorat Potensi, Kepatuhan dan Penerimaan"
alumni-896fac65e0d5,Kepala Subdirektorat Sarana dan Tenaga Penyuluhan Direktorat Penyuluhan Perpajakan
alumni-896fac65e0d5,Tenaga Pengkaji Bidang Pelayanan Perpajakan Direktorat Jenderal Pajak
alumni-896fac65e0d5,Tenaga Pengkaji Bidang Pengawasan dan Penegakan Hukum Perpajakan
alumni-896fac65e0d5,Tenaga Pengkaji Bidang Pengawasan dan Penegakan Hukum Perpajakan Direktorat Jenderal Pajak
alumni-8ad8745d8d98,Menteri Keuangan
alumni-8ad8745d8d98,Menteri Pendidikan Dasar dan Kebudayaan Indonesia
alumni-8b1335ae4829,Duta Besar Indonesia untuk Singapura
alumni-8b23630fccc7,Chief
alumni-8b23630fccc7,Commander
alumni-8d4c9f1fbf30,Hakim Konstitusi Republik Indonesia
alumni-8d613f3fa060,Chief
alumni-8d613f3fa060,Commander
alumni-8ef52ac6fdb3,2
alumni-8ef52ac6fdb3,Miss Supranational Indonesia 2019
alumni-8ef52ac6fdb3,Puteri Indonesia
alumni-8ef52ac6fdb3,Puteri Indonesia 2019
alumni-8ef52ac6fdb3,Puteri Indonesia Pariwisata 2019
alumni-8ef52ac6fdb3,Puteri West Java
alumni-8fc6f4c23b89,anggota DPR-RI
alumni-8fc6f4c23b89,anggota Dewan Perwakilan Rakyat Daerah Indonesia
alumni-90032da23fa3,Ministry
alumni-90032da23fa3,Rector
alumni-90032da23fa3,Rektor
alumni-90032da23fa3,Rektor Institut Teknologi Bandung
alumni-90032da23fa3,komisaris
alumni-90ccc6723d10,Miss Indonesia
alumni-90d0395b772f,Chairperson
alumni-90d14e916de3,Minister
alumni-90d14e916de3,Ministry
alumni-90d14e916de3,Secretary general
alumni-9424dea9b7ae,rektor
alumni-94e5f6b85aa6,Governor
alumni-94e5f6b85aa6,Regent
alumni-95edb628aee3,Chairman
alumni-95edb628aee3,Chairman ad interim Indonesian Football Association
alumni-95edb628aee3,Coordinating Ministry for Political and Security Affairs
alumni-95edb628aee3,Minister
alumni-95edb628aee3,Ministry
alumni-9643f865b03f,Ambassador
alumni-9683c2cfed4a,Menteri Keuangan
alumni-96bcc35eff14,Duta Besar Indonesia untuk Vietnam
alumni-98c3872ad4f4,Habib
alumni-991f305cba46,founder
alumni-9bd52ddb5c79,List of Miss Indonesia Earth
alumni-9bd52ddb5c79,Luisa Andrea Soemitha
alumni-9bd52ddb5c79,Miss Earth Indonesia
alumni-9bd52ddb5c79,Miss Earth Indonesia 2019
alumni-9bd52ddb5c79,Puteri Batik Nusantara 2017
alumni-9d2203aa2be2,6
alumni-9d2203aa2be2,Chair
alumni-9d2203aa2be2,Senator for East Java
alumni-9dc05e4b4fb6,Hakim Konstitusi Republik Indonesia
alumni-9e88f651b870,Ambassador
alumni-9e88f651b870,Duta Besar Indonesia untuk Mesir
alumni-9e88f651b870,Duta Besar Indonesia untuk Thailand
alumni-a075508ceb4d,Wali kota
alumni-a1f3468610db,Chairman
alumni-a1f3468610db,Commander
alumni-a1f3468610db,Director
alumni-a1f3468610db,Governor
alumni-a2490b1da4e3,Advisors to the office
alumni-a4620a16678d,Chairman
alumni-a4620a16678d,Football association
alumni-a5b1c62aaf44,Dosen
alumni-a6ad9ac7bee5,23
alumni-a6ad9ac7bee5,Indonesian Idol runner up
alumni-a75dab7b5750,Miss Universe Indonesia
alumni-a75dab7b5750,Miss Universe Indonesia 1976
alumni-a82ad79f2502,Duta Besar Indonesia untuk Spanyol
alumni-a82ad79f2502,anggota Dewan Perwakilan Rakyat Daerah Indonesia
alumni-a87ff9eca408,Rector
alumni-a8a3e5b725da,Governor
alumni-a8a3e5b725da,Minister
alumni-a9c4ffa0de7b,Kepala
alumni-a9f504dd1688,Dosen
alumni-a9f504dd1688,profesor
alumni-aa36ea120821,Miss Universe Indonesia 2018
alumni-aa36ea120821,Puteri Bangka Belitung 2018
alumni-aa36ea120821,Puteri Indonesia
alumni-aa36ea120821,Puteri Indonesia 2018
alumni-aa689bc31945,Ambassador
alumni-ad2011d225af,anggota DPR-RI
alumni-ad3d7877beb1,Miss International
alumni-ad3d7877beb1,Miss International 1988
alumni-ad3d7877beb1,Miss International Indonesia 2022
alumni-ad3d7877beb1,Miss Tourism Indonesia 2021
alumni-ad3d7877beb1,Puteri Indonesia Lingkungan
alumni-ad3d7877beb1,Puteri Indonesia Lingkungan 2022
alumni-ad3d7877beb1,Puteri Jakarta SCR-5
alumni-ad3d7877beb1,Puteri Jakarta SCR-5 2022
alumni-aecf4e69ac06,Jaksa Agung Muda Intelijen
alumni-aecf4e69ac06,Kepala Bagian Tata Usaha pada Kejaksaan Tinggi DKI Jakarta
alumni-aecf4e69ac06,Kepala Kejaksaan Negeri Cilegon
alumni-aecf4e69ac06,Kepala Kejaksaan Negeri Jakarta Barat
alumni-aecf4e69ac06,Kepala Kejaksaan Tinggi Banten
alumni-aecf4e69ac06,Kepala Kejaksaan Tinggi DKI Jakarta
alumni-afbdeb496b87,Dosen
alumni-b0378c9884ed,(Best National Costume)
alumni-b0378c9884ed,(Miss Beauty with Voice)
alumni-b0378c9884ed,(Puteri Indonesia Lingkungan)
alumni-b0378c9884ed,Miss International 2013
alumni-b0378c9884ed,Puteri Indonesia
alumni-b0378c9884ed,Puteri Indonesia 2013
alumni-b0378c9884ed,Puteri South Sumatra
alumni-b0aaef12fc93,Professor
alumni-b1c6a4cc0770,Puteri Banten
alumni-b1c6a4cc0770,Puteri Indonesia
alumni-b301c38aff73,Governor
alumni-b301c38aff73,Ministry
alumni-b301c38aff73,Vice governor
alumni-b35cfd5ac9ae,rektor
alumni-b82e97b15e83,Rector
alumni-b833a3ca43dd,Bank Indonesia
alumni-b83e5abf0795,rektor
alumni-b8541d8c6e68,Rektor
alumni-b8b3b630ad6b,Gubernur Jawa Barat
alumni-b8b3b630ad6b,Wali Kota Bandung
alumni-b946f78d8692,Ketua
alumni-b95f9419d32b,Rektor Universitas Negeri Padang
alumni-b9fabf0a15be,Head
alumni-b9fabf0a15be,Kepala Badan Kebijakan Fiskal
alumni-b9fabf0a15be,Menteri Keuangan
alumni-b9fabf0a15be,Menteri Perencanaan Pembangunan Nasional Indonesia
alumni-b9fabf0a15be,Menteri Riset dan Teknologi
alumni-ba9de80e77b8,Rektor
alumni-bb2cbaa85323,Rektor
alumni-bbb469f9f9ee,Ketua
alumni-bbd780ca73cf,First ladies and gentlemen
alumni-bbd780ca73cf,Ministry
alumni-be673ebd0a8a,Menteri Pendidikan dan Kebudayaan Indonesia
alumni-be673ebd0a8a,Menteri pendidikan dan kebudayaan
alumni-be673ebd0a8a,direktur
alumni-be673ebd0a8a,duta besar
alumni-c0d7d15e2932,Doctor (title)
alumni-c0d7d15e2932,Dr.
alumni-c1f40f6d514f,Duta Besar Indonesia untuk Spanyol
alumni-c1f40f6d514f,anggota Dewan Perwakilan Rakyat Daerah Indonesia
alumni-c2a6a512739c,Rektor
alumni-c3c9f5462a5b,Chief
alumni-c3c9f5462a5b,Commander
alumni-c3c9f5462a5b,Vice president
alumni-c5f05b6d63c0,Indonesian National Armed Forces
alumni-c5f05b6d63c0,Indonesian navy chief
alumni-c6f9134dcfac,Rektor
alumni-c7d0ebc0cc7d,Gubernur Akademi Kepolisian
alumni-c7d0ebc0cc7d,Kepala Kepolisian Daerah Jambi
alumni-c83e90ad9df8,rektor
alumni-c9d69ca3f66a,Assistant for planning and budget
alumni-c9d69ca3f66a,Commander
alumni-c9d69ca3f66a,Deputy inspector general
alumni-c9d69ca3f66a,Governor
alumni-c9e82fd4f471,Menteri BUMN
alumni-ca8c4caeb4e8,anggota DPR-RI
alumni-cab7b13890bb,An account
alumni-cab7b13890bb,Secretary-general
alumni-cac3980fc5bd,Advisors to the office
alumni-cac3980fc5bd,Menteri Energi dan Sumber Daya Mineral Indonesia
alumni-cac3980fc5bd,Menteri Pertahanan
alumni-cac3980fc5bd,Minister
alumni-cac3980fc5bd,Ministry
alumni-cac3980fc5bd,Secretary general
alumni-cb41f8d462ec,Rektor
alumni-cbc19d45af97,Ketua
alumni-cd63e37dc06d,Guess Girl South East Asia 2015
alumni-cd63e37dc06d,List of beauty pageants
alumni-cd63e37dc06d,Miss Universe Indonesia 2017
alumni-cd63e37dc06d,Puteri Indonesia
alumni-cd63e37dc06d,Puteri Indonesia 2017
alumni-cd63e37dc06d,Puteri Jakarta SCR 5
alumni-cd63e37dc06d,Supermodel International 2011
alumni-cdd01e9589d7,Ketua
alumni-ceb6a4e35f82,Chairman and ceo
alumni-ceb6a4e35f82,Co-Chairman ofGoTo
alumni-ceb6a4e35f82,Co-chairman
alumni-cfbc50783b40,Menteri Sosial Indonesia
alumni-cfbc50783b40,Wali Kota Surabaya
alumni-d00b8df441fd,Miss Indonesia
alumni-d00b8df441fd,Miss Indonesia 2022
alumni-d00b8df441fd,Puteri Bali
alumni-d00b8df441fd,Puteri Bali 2020
alumni-d00b8df441fd,Puteri Indonesia
alumni-d00b8df441fd,Puteri Indonesia Lingkungan
alumni-d00b8df441fd,Puteri Indonesia Lingkungan 2020
alumni-d090b06d7604,full professor
alumni-d137e73d8960,Ministry
alumni-d1866cc8e8a2,Rektor
alumni-d1e581296ff2,Foreign minister
alumni-d1e581296ff2,Ministry
alumni-d20dc8f6cefd,anggota DPD-RI
alumni-d21a7700cb89,Minister
alumni-d397624b65c0,Daftar Rektor Universitas Pendidikan Indonesia
alumni-d397624b65c0,Daftar rektor
alumni-d437340fdcd9,Rektor
alumni-d437340fdcd9,Rektor Universitas Indonesia
alumni-d4565e639e68,Duta Besar Indonesia untuk Spanyol
alumni-d4565e639e68,anggota Dewan Perwakilan Rakyat Daerah Indonesia
alumni-d45e3c3e7954,Daftar Wakil Gubernur Sumatera Barat
alumni-d45e3c3e7954,Rektor
alumni-d45e3c3e7954,Rektor Universitas Andalas
alumni-d45e3c3e7954,Rektor Universitas Bung Hatta
alumni-d46922f146a1,direktur utama
alumni-d57ec60a253a,Menteri Hukum dan Hak Asasi Manusia Republik Indonesia
alumni-d57ec60a253a,Menteri Luar Negeri
alumni-d72629d6500d,Rektor
alumni-d72629d6500d,rektor
alumni-d73643fe270d,Miss Universe Indonesia
alumni-d73643fe270d,Miss Universe Indonesia 1974
alumni-d8d085d7484a,Daftar Wakil Gubernur Sumatera Barat
alumni-d8d085d7484a,Gubernur Sumatera Barat
alumni-d8d085d7484a,Rektor
alumni-d94a874395bc,Rektor
alumni-d97153f6e050,Prime minister
alumni-dc483a9939d8,Commander
alumni-dc483a9939d8,Indonesian army chief
alumni-dc483a9939d8,Indonesian army deputy chief
alumni-dd6a147d343f,"Direktur peraturan perpajakan ii, direktorat jenderal pajak,"
alumni-dd6a147d343f,"Kepala Subdirektorat Dampak Kebijakan Direktorat Potensi, Kepatuhan dan Penerimaan"
alumni-dd6a147d343f,Kepala Subdirektorat Sarana dan Tenaga Penyuluhan Direktorat Penyuluhan Perpajakan
alumni-dd6a147d343f,Tenaga Pengkaji Bidang Pelayanan Perpajakan Direktorat Jenderal Pajak
alumni-dd6a147d343f,Tenaga Pengkaji Bidang Pengawasan dan Penegakan Hukum Perpajakan
alumni-dd6a147d343f,Tenaga Pengkaji Bidang Pengawasan dan Penegakan Hukum Perpajakan Direktorat Jenderal Pajak
alumni-dd77ce54fc89,anggota DPR-RI
alumni-ded2fdf05202,Rektor
alumni-e093772d72ed,Miss International 4th Runner-Up
alumni-e093772d72ed,Puteri Indonesia
alumni-e093772d72ed,Puteri Indonesia Lingkungan
alumni-e093772d72ed,Puteri Indonesia Yogyakarta
alumni-e2061c074d23,Miss International 2009
alumni-e2061c074d23,Miss International Indonesia 2009
alumni-e2061c074d23,Puteri Indonesia
alumni-e2061c074d23,Puteri Indonesia 2008
alumni-e2061c074d23,Puteri Indonesia Lingkungan
alumni-e2061c074d23,Puteri Indonesia Lingkungan 2008
alumni-e2468e9a404e,President
alumni-e26a490c67f2,UNICEF Goodwill Ambassador
alumni-e3c6419fb334,Duta Besar Indonesia untuk Malaysia
alumni-e3c6419fb334,Duta Besar Indonesia untuk Spanyol
alumni-e494e3b9cf4b,asisten ahli
alumni-e6674530e4f3,Puteri Gorontalo
alumni-e6674530e4f3,Puteri Indonesia
alumni-e6674530e4f3,Puteri Indonesia 2010
alumni-e6674530e4f3,Puteri Indonesia Pariwisata 2010
alumni-e76c11b4f57f,rektor
alumni-e78432095b66,Dosen
alumni-e94a6db4f835,Head
alumni-e94a6db4f835,Regent
alumni-e9e7fc817f24,Governor
alumni-ef3e4f3d617c,Prime minister
alumni-ef91e50be813,full professor
alumni-ef9cbc0c5362,anggota DPR-RI
alumni-ef9cbc0c5362,anggota Dewan Perwakilan Rakyat Daerah Indonesia
alumni-f20f8f1f4e72,President
alumni-f3860930d2b9,Menteri Lingkungan Hidup dan Kehutanan Indonesia
alumni-f3860930d2b9,Menteri Pendidikan dan Kebudayaan Indonesia
alumni-f3860930d2b9,Menteri Pertahanan
alumni-f39456476314,Puteri Indonesia D.I. Yogyakarta 2022
alumni-f53ee9cdfe3d,Ministry
alumni-f55cf27f4f5c,Ambassador
alumni-f55cf27f4f5c,Ministry
alumni-f55cf27f4f5c,Secretary general
alumni-f5c9a4765630,Miss Universe Indonesia
alumni-f5c9a4765630,Miss Universe Indonesia 1977
alumni-f5fbe0fc78dd,Articles related to Joko Widodo
alumni-f5fbe0fc78dd,Chair
alumni-f5fbe0fc78dd,Chairperson
alumni-f5fbe0fc78dd,Governor
alumni-f5fbe0fc78dd,Indonesian democratic party
alumni-f5fbe0fc78dd,Mayor
alumni-f5fbe0fc78dd,Nominee for president
alumni-f5fbe0fc78dd,President
alumni-f8f7aae5e898,Assistant for planning and budget
alumni-f8f7aae5e898,Commander
alumni-f8f7aae5e898,Deputy inspector general
alumni-f8f7aae5e898,Governor
alumni-f987b873f505,Gubernur Daerah Khusus Jakarta
alumni-f9ea926e1f4e,Duta Besar Indonesia untuk Suriah
alumni-f9ea926e1f4e,Duta Besar Indonesia untuk Yaman
alumni-faf7c0be1a74,Rektor Universitas Islam Negeri Imam Bonjol
alumni-fb15673ba669,Katib aam
alumni-fb7c09c68dd3,Daftar Wakil Gubernur Sumatera Barat
alumni-fb7c09c68dd3,Gubernur Sumatera Barat
alumni-fb7c09c68dd3,Rektor
alumni-fc1d97f9c349,Duta Besar Indonesia untuk Britania Raya
alumni-fde1dd9256eb,Ministry
alumni-fea6fda58a6e,17
alumni-ff5d6c2946d7,Duta Besar Indonesia untuk Vietnam
alumni-ff7530948a6c,Rector
