alumniId,occupationName
alumni-006856c9ad60,akademisi
alumni-021d5d751dd0,lektor
alumni-021d5d751dd0,politikus
alumni-022376111982,Politician
alumni-041729be581d,Aparatur Sipil Negara
alumni-041729be581d,pegawai negeri sipil
alumni-04623bbef7f7,dosen
alumni-04623bbef7f7,pegawai negeri sipil
alumni-04623bbef7f7,sejarawan
alumni-04623bbef7f7,ulama
alumni-04b0cfbdd58a,Naval officer
alumni-04b0cfbdd58a,politician
alumni-04b15a7198a3,Politician
alumni-04b15a7198a3,legislator
alumni-051aa9fcab32,dosen
alumni-051aa9fcab32,pegawai negeri sipil
alumni-051aa9fcab32,peneliti
alumni-053b8c5fc8b1,pegawai negeri sipil
alumni-053b8c5fc8b1,politikus
alumni-0587d398eb70,Author
alumni-0587d398eb70,screenwriter
alumni-05a4239b905e,pegawai negeri sipil
alumni-05a4239b905e,politikus
alumni-0661995af4a7,Businessman
alumni-06df0f1cc57f,diplomat
alumni-06df0f1cc57f,dosen
alumni-06df0f1cc57f,pengacara
alumni-06df0f1cc57f,politikus
alumni-0728fbf218aa,Politician
alumni-075bbc6416c5,profesor
alumni-07faece1e144,Civil servant
alumni-07faece1e144,Civil service
alumni-07faece1e144,Politician
alumni-081e63e1fba6,Lecturer
alumni-081e63e1fba6,Painter
alumni-08b01f31e41d,Celebrity
alumni-08b01f31e41d,YouTuber
alumni-08b01f31e41d,model
alumni-08b01f31e41d,presenter
alumni-08d18f2cae64,akademisi
alumni-09d94215f57d,pegawai negeri sipil
alumni-09fb054c5c34,Academician
alumni-09fb054c5c34,Engineer
alumni-09fb054c5c34,Politician
alumni-09fb054c5c34,Researcher
alumni-0a9188856cce,Politician
alumni-0a9188856cce,historian
alumni-0a9e52cb7436,Diplomat
alumni-0aca5853a695,Theologian
alumni-0b6429a638f8,Politician
alumni-0ba39aa123d8,Businessperson
alumni-0ba39aa123d8,Politician
alumni-0c0c736684a0,Politician
alumni-0c55e8e6a8e7,Director of Puteri Indonesia
alumni-0c55e8e6a8e7,Puteri Indonesia
alumni-0c55e8e6a8e7,businessperson
alumni-0c55e8e6a8e7,politician
alumni-0efc75b925da,BCA and Como 1907
alumni-0efc75b925da,Bank Central Asia
alumni-0efc75b925da,Co-owner of Djarum
alumni-0efc75b925da,Como 1907
alumni-0efc75b925da,Djarum
alumni-0f1aeeda9a2f,Actress
alumni-0f1aeeda9a2f,politician
alumni-0f1aeeda9a2f,singer
alumni-0f9c245475f2,Lecturer
alumni-0f9c245475f2,consultant
alumni-10df1ff63523,Singer
alumni-10df1ff63523,actor
alumni-10df1ff63523,songwriter
alumni-113a9d0e76f2,Author
alumni-113a9d0e76f2,cartoonist
alumni-113a9d0e76f2,columnist
alumni-1275bd07c855,Politician
alumni-13a4921f0821,Academic
alumni-13a4921f0821,Academic staff
alumni-14dd29e3dd10,Banker
alumni-15598ad35527,Physician
alumni-15598ad35527,Physician and politician
alumni-15598ad35527,Politician
alumni-15b5e727e80f,Justice (title)
alumni-16578d5bd980,Politician
alumni-166a96330676,politikus
alumni-16f3062fc593,Retired Bureaucrat and Politician
alumni-17b5a331c971,Military
alumni-17b5a331c971,Politician
alumni-17e604a607cf,pegawai negeri sipil
alumni-17e604a607cf,politikus
alumni-18223247106a,dosen
alumni-18223247106a,pegawai negeri sipil
alumni-18e7b47f0a53,dosen
alumni-18e7b47f0a53,pegawai negeri sipil
alumni-18e7b47f0a53,peneliti
alumni-196ea66f1415,dosen
alumni-196ea66f1415,pegawai negeri sipil
alumni-199b2d8f27e8,Academician
alumni-199b2d8f27e8,Engineer
alumni-199b2d8f27e8,Politician
alumni-199b2d8f27e8,Researcher
alumni-19febd99226d,Politician
alumni-1a565aa84069,Politician
alumni-1a72692aa562,birokrat
alumni-1a72692aa562,pegawai negeri sipil
alumni-1a72692aa562,politikus
alumni-1b2a1226c18e,career diplomat
alumni-1b2a1226c18e,pegawai negeri sipil
alumni-1b6e5b153f5f,Actress
alumni-1b6e5b153f5f,politician
alumni-1b6e5b153f5f,singer
alumni-1b709c7db875,Lawyer
alumni-1b709c7db875,Politician
alumni-1b7d3b4ddcd2,Jurist
alumni-1be3396d3afa,lektor
alumni-1be3396d3afa,politikus
alumni-1d989a22494a,Poet
alumni-1e5bec94c415,dosen
alumni-1e5bec94c415,politikus
alumni-1ead16c236bf,Politician
alumni-1ead16c236bf,diplomat
alumni-1ee86a12a15a,Lawyer
alumni-1f76a7625fdc,diplomat
alumni-20a2e6107bf4,Public servant and diplomat
alumni-21575e5e347c,Politician
alumni-21575e5e347c,Scientist
alumni-21a5d40c8e07,Bureaucrat
alumni-21a5d40c8e07,Doctor (title)
alumni-21a5d40c8e07,Politician
alumni-21f10ea3711e,Professor
alumni-221807c147a8,journalist
alumni-2346f8828376,Auditor
alumni-2346f8828376,Menteri keuangan
alumni-2346f8828376,dosen
alumni-2346f8828376,ekonom
alumni-2346f8828376,komisaris
alumni-2346f8828376,pegawai negeri sipil
alumni-2346f8828376,peneliti
alumni-2346f8828376,politikus
alumni-238557529084,Actress
alumni-238557529084,National Narcotics Board of the Republic of Indonesia Ambassador
alumni-238557529084,TV presenter
alumni-238557529084,model
alumni-23c9e073ea0b,Entrepreneur and film producer
alumni-25e2467e2206,Politician
alumni-266cec9f4e4b,akademisi
alumni-266d06aa90f9,Political activist
alumni-266d06aa90f9,Veterinarian
alumni-26b45a3a9c24,Politician
alumni-27675cd05ce1,Rector (academia)
alumni-27675cd05ce1,Rector of Syarif Hidayatullah State Islamic University Jakarta
alumni-2802f511b268,Beauty pageant titleholders
alumni-2802f511b268,Doctor
alumni-2802f511b268,Fashion Model
alumni-2802f511b268,National Narcotics Board
alumni-280bf6b3dd11,Gravure idol
alumni-280bf6b3dd11,Model
alumni-280bf6b3dd11,Model (person)
alumni-28f3e02e9b3e,Politician
alumni-28f3e02e9b3e,diplomat
alumni-28fe3bdb1d7a,Actress
alumni-28fe3bdb1d7a,Beauty pageant titleholders
alumni-28fe3bdb1d7a,Model
alumni-28fe3bdb1d7a,National Narcotics Board of the Republic of Indonesia Ambassador
alumni-28fe3bdb1d7a,TV presenter
alumni-2a4a15acf5e8,Actress
alumni-2a4a15acf5e8,politician
alumni-2a4a15acf5e8,singer
alumni-2abcf1b45a46,poet
alumni-2ac0ee33824d,Doctor
alumni-2ac0ee33824d,Epidemiologist
alumni-2af1a9ed18c4,akademisi
alumni-2af1a9ed18c4,lektor
alumni-2d3223ca8cc1,Businessperson
alumni-2d3223ca8cc1,Designer
alumni-2d3223ca8cc1,Media activism
alumni-2d3223ca8cc1,Politician
alumni-2d693af6c63a,akademisi
alumni-2d693af6c63a,lektor
alumni-2d693af6c63a,pegawai negeri sipil
alumni-2dda5bdcd03c,Politician
alumni-2dda5bdcd03c,businessman
alumni-2dda5bdcd03c,intellectual
alumni-2e636296614f,Politician
alumni-327e2af9bbbb,Guru
alumni-327e2af9bbbb,ahli bahasa
alumni-327e2af9bbbb,dosen
alumni-327e2af9bbbb,pejabat pemerintahan
alumni-327e2af9bbbb,pengurus akademik
alumni-328911f354b4,politican
alumni-32a97efea573,akademisi
alumni-337b65caa579,ekonom
alumni-337b65caa579,komisaris
alumni-337b65caa579,pegawai negeri sipil
alumni-337b65caa579,politikus
alumni-33b4342db79e,dosen
alumni-33b4342db79e,pejabat pemerintahan
alumni-34343ab2816f,Film director
alumni-34343ab2816f,journalist
alumni-34343ab2816f,novelist
alumni-34343ab2816f,screenwriter
alumni-34b0eddf0b25,dosen
alumni-34b0eddf0b25,pegawai negeri sipil
alumni-34dab6a97ac5,politician
alumni-35235fdb7705,dosen
alumni-35235fdb7705,ekonom
alumni-3542d9dc80be,akademisi
alumni-3542d9dc80be,lektor
alumni-3542d9dc80be,pegawai negeri sipil
alumni-3542eddd5437,Politician
alumni-3542eddd5437,bureaucrat
alumni-36aa15127964,lektor
alumni-36aa15127964,pegawai negeri sipil
alumni-39921bdb5818,Hakim
alumni-39921bdb5818,Jurist
alumni-39921bdb5818,dosen
alumni-39921bdb5818,judge
alumni-39921bdb5818,jurist
alumni-39921bdb5818,pegawai negeri sipil
alumni-39921bdb5818,professor of constitutional law
alumni-3998da15865f,Academician
alumni-39ee0c8c42e5,Politician
alumni-39ee0c8c42e5,businessman
alumni-3aec24d8c1e5,Engineer
alumni-3aec24d8c1e5,Scientist
alumni-3aec24d8c1e5,Teacher
alumni-3bbbed602386,Lawyer
alumni-3bbbed602386,Politician
alumni-3d6214293322,dosen
alumni-3d88ec4ed6f4,Computer scientist
alumni-3d88ec4ed6f4,Computer scientist and politician
alumni-3da2a5e0a7f9,akademisi
alumni-3db6a0cf5610,Judge
alumni-3db6a0cf5610,lecturer
alumni-3db6a0cf5610,writer
alumni-3e2f7926dcbf,direktur utama
alumni-3e2f7926dcbf,insinyur
alumni-3e3a64de8ea2,Internet entrepreneur
alumni-3e3a64de8ea2,List of Internet entrepreneurs
alumni-3e3a64de8ea2,investor
alumni-3f83ef713166,Politician
alumni-3fd0a12a0577,Politician
alumni-40127489796a,Engineer
alumni-40590e46631b,Engineer
alumni-40f3bf64b799,Businessman
alumni-422174b59b4d,Celebrity
alumni-422174b59b4d,Comedian
alumni-422174b59b4d,Politician
alumni-422174b59b4d,Television presenter
alumni-42719c1b8df1,Bureaucrat
alumni-42719c1b8df1,Judge
alumni-441421be210d,Model
alumni-441421be210d,TV presenter
alumni-441421be210d,actress
alumni-441421be210d,beauty pageant titleholder
alumni-468416bf5204,Poet
alumni-46c45b0d143b,Cardiologist
alumni-485d6ff1742c,Politician
alumni-48a10644f79d,Politician
alumni-48a10644f79d,Politics of Indonesia
alumni-48a10644f79d,Soldier
alumni-48f8f397a347,architect
alumni-48f8f397a347,beauty pageant titleholder
alumni-48f8f397a347,engineer
alumni-48f8f397a347,model
alumni-490335e2356e,Businessperson
alumni-490335e2356e,Presenter
alumni-490335e2356e,Singer
alumni-490335e2356e,Songwriter
alumni-4a1297e6efe4,akademisi
alumni-4a1297e6efe4,lektor
alumni-4ac4a4b40d9f,Writer
alumni-4ac4a4b40d9f,cultural activist.
alumni-4ac4a4b40d9f,scholar
alumni-4b360b7d2eee,dosen
alumni-4b360b7d2eee,ekonom
alumni-4b360b7d2eee,politikus
alumni-4b4a02db5ca2,Author
alumni-4d20bd81006f,Politician
alumni-4d20bd81006f,lawyer
alumni-4dd4a931eeaf,Politician
alumni-4e2395cd8e69,Hakim
alumni-4e2395cd8e69,kandidat politik
alumni-4e2395cd8e69,pegawai negeri sipil
alumni-4eb1e29727ad,Bureaucrat
alumni-4fe05587c883,diplomat
alumni-5038bcac7dd7,pegawai negeri sipil
alumni-50a203d9a42e,Politician
alumni-50a203d9a42e,businessperson
alumni-50a203d9a42e,former military officer
alumni-519482c7beb2,Army officer
alumni-519482c7beb2,politician
alumni-530855e97407,pegawai negeri sipil
alumni-530855e97407,peneliti
alumni-532ac2214f02,Magician
alumni-532ac2214f02,Magician (fantasy)
alumni-532ac2214f02,Mentalism
alumni-532ac2214f02,YouTuber
alumni-532ac2214f02,presenter
alumni-5426d6c5ac5e,Businessperson
alumni-5426d6c5ac5e,Politician
alumni-546fce9eac6c,Businessperson
alumni-546fce9eac6c,Singer
alumni-546fce9eac6c,Songwriter
alumni-54c857de37cd,Actor
alumni-54c857de37cd,Director
alumni-54c857de37cd,Film director
alumni-54c857de37cd,Film editor
alumni-54c857de37cd,Film producer
alumni-54c857de37cd,Screenwriter
alumni-54c857de37cd,actor
alumni-54c857de37cd,editor
alumni-54c857de37cd,producer
alumni-54c857de37cd,writer
alumni-54cc58610ca2,direktur utama
alumni-54cc58610ca2,insinyur
alumni-55c1543f62f1,dokter
alumni-55c1543f62f1,lektor
alumni-55c1543f62f1,pegawai negeri sipil
alumni-55c1543f62f1,politikus
alumni-55cc065fa82b,Politician
alumni-55cc065fa82b,Psychiatrist
alumni-55cc065fa82b,Writer
alumni-5682d1c63a5a,dosen
alumni-5682d1c63a5a,ekonom pertanian
alumni-5682d1c63a5a,pengurus akademik
alumni-57157ea4192e,Politician
alumni-583fa6992dcf,Hakim
alumni-583fa6992dcf,pegawai negeri sipil
alumni-58542c6f9650,Politician
alumni-5909f0fabfd5,akademisi
alumni-5a6dab7870f6,sosiolog
alumni-5afbc612f65d,pegawai negeri sipil
alumni-5b19800825de,Actor
alumni-5c8ca308a2d9,Philologist
alumni-5c8ca308a2d9,Writer
alumni-5c8ca308a2d9,book translator
alumni-5c8ca308a2d9,lecturer
alumni-5c8ca308a2d9,philologist
alumni-5ce3394f1f29,Lawyer
alumni-5ce3394f1f29,Politician
alumni-5dfe3bcdfeda,pejabat polisi
alumni-5dfe3bcdfeda,petugas polisi
alumni-5e3a66c38ce3,birokrat
alumni-5e3a66c38ce3,insinyur
alumni-5e3a66c38ce3,profesor
alumni-5ed1d50cf329,Academic
alumni-5ed1d50cf329,Academic staff
alumni-5ed1d50cf329,Civil servant
alumni-5ed1d50cf329,Civil service
alumni-5ed1d50cf329,Lecturer
alumni-5ed1d50cf329,Professor
alumni-612da7e62afb,Environmental Scientist
alumni-612da7e62afb,politician
alumni-613d6b2bd991,akademisi
alumni-613d6b2bd991,ilmuwan komputer
alumni-61c1b561d2b9,Human rights activist
alumni-62392e066823,Comedian
alumni-62392e066823,interpreter
alumni-62392e066823,translator
alumni-64fe55cac24c,Professor
alumni-6973bc228282,Politician
alumni-6973bc228282,army officer
alumni-6a1864976918,Author
alumni-6a1864976918,Chef
alumni-6abfbd995d8c,ilmuwan komputer
alumni-6abfbd995d8c,lektor
alumni-6abfbd995d8c,pegawai negeri sipil
alumni-6b5f611119a0,poet
alumni-6b9cdd1aee73,Politician
alumni-6b9cdd1aee73,lawyer
alumni-6cd53415dc75,Politician
alumni-6cef4c0fa226,politikus
alumni-6d2b2c4afd8f,* Politician
alumni-6d2b2c4afd8f,Naval Officer
alumni-6d2b2c4afd8f,Officer (armed forces)
alumni-6d2b2c4afd8f,Politician
alumni-6e04bf722b01,Politician
alumni-6e04bf722b01,activist
alumni-6e04bf722b01,engineer
alumni-6f27cbf1eb84,Politician
alumni-6f349c7fd23b,Politician
alumni-6f360e8381ed,Bureaucrat
alumni-6f360e8381ed,Politician
alumni-6fca27732fd5,dai
alumni-6fca27732fd5,dosen
alumni-6fca27732fd5,politikus
alumni-6fca27732fd5,psikolog
alumni-701139c7e9f1,Military officer
alumni-707c31dfd809,pegawai negeri sipil
alumni-7219889d1bbd,dosen
alumni-7219889d1bbd,ilmuwan komputer
alumni-7219889d1bbd,lektor
alumni-7219889d1bbd,pegawai negeri sipil
alumni-7296cba7dd2e,Lawyer
alumni-7296cba7dd2e,businessman
alumni-73138b576f5b,Beauty pageant
alumni-73138b576f5b,actress
alumni-73138b576f5b,fashion model
alumni-73138b576f5b,singer
alumni-7338650d6c20,akademisi
alumni-7338650d6c20,pegawai negeri sipil
alumni-73443a68de90,dosen
alumni-73443a68de90,ekonom pertanian
alumni-73443a68de90,pengurus akademik
alumni-74490dd774b0,komisaris
alumni-74490dd774b0,politikus
alumni-74efe376407a,dosen
alumni-74efe376407a,pakar ilmu hukum
alumni-755e1d809871,Politician
alumni-755e1d809871,businessman
alumni-755e1d809871,intellectual
alumni-75dfa25662a5,dosen
alumni-75dfa25662a5,pakar ilmu hukum
alumni-75ee6316de59,dosen
alumni-75ee6316de59,politikus
alumni-7605dc38093f,Theatre director
alumni-7605dc38093f,theatre actor and director
alumni-7605dc38093f,writer
alumni-764e3259ce70,Actress
alumni-764e3259ce70,Beauty pageant titleholder
alumni-764e3259ce70,Model
alumni-76aa5332baa4,Engineer
alumni-76ef73b93857,Politician
alumni-77df7da3a911,dosen
alumni-77df7da3a911,pegawai negeri sipil
alumni-797e45d1a5aa,Politician
alumni-797e45d1a5aa,bureaucrat
alumni-797e45d1a5aa,lecturer
alumni-7bc5e33dd0ad,Beauty pageant
alumni-7bc5e33dd0ad,COVID-19 Response Acceleration Task Force
alumni-7bc5e33dd0ad,Indonesian People's Consultative Assembly Ambassador
alumni-7bc5e33dd0ad,People's Consultative Assembly
alumni-7bc5e33dd0ad,beauty pageant titleholder
alumni-7bc5e33dd0ad,model
alumni-7d42a2da5445,Documentary filmmaker
alumni-7e4f412b1131,dosen
alumni-7e4f412b1131,ekonom pertanian
alumni-7e4f412b1131,pengurus akademik
alumni-7ed438a4eecd,Beauty pageant
alumni-7ed438a4eecd,Dentist
alumni-7ed438a4eecd,TV presenter
alumni-7ed438a4eecd,actress
alumni-7ed438a4eecd,dentist
alumni-7ed438a4eecd,fashion model
alumni-7eeaead018ea,Politician
alumni-81862e9a5dff,Justice (title)
alumni-825583fbd36c,Politician
alumni-825583fbd36c,agricultural scientist
alumni-82596b88a4f2,Physician
alumni-82596b88a4f2,Physician and politician
alumni-82596b88a4f2,Politician
alumni-843293c26d6f,pegawai negeri sipil
alumni-84959788b4fd,diplomat
alumni-84959788b4fd,pegawai negeri sipil
alumni-84e79951619d,akademisi
alumni-85f982d9ae72,Balinese dance
alumni-85f982d9ae72,Balinese dancer
alumni-85f982d9ae72,Beauty pageant
alumni-85f982d9ae72,Ministry of Tourism (Indonesia)
alumni-85f982d9ae72,Ministry of Tourism and Creative Economy
alumni-85f982d9ae72,National Narcotics Board
alumni-85f982d9ae72,model
alumni-8612014e915d,ilmuwan komputer
alumni-8612014e915d,pegawai negeri sipil
alumni-88036ebc683b,Bureaucrat
alumni-88dd5b9edffc,Broadcast journalism
alumni-88f8e640fec9,dosen
alumni-88f8e640fec9,pegawai negeri sipil
alumni-88f8e640fec9,peneliti
alumni-8921692aeae9,Lecturer
alumni-896fac65e0d5,pegawai negeri sipil
alumni-8ab60ee4f338,Politician
alumni-8ad8745d8d98,ekonom
alumni-8ad8745d8d98,politikus
alumni-8b1335ae4829,diplomat
alumni-8b1335ae4829,jurnalis
alumni-8b312417caf6,Actor
alumni-8b312417caf6,lecturer
alumni-8bc1db4419fd,Actress
alumni-8bc1db4419fd,politician
alumni-8bc1db4419fd,singer
alumni-8d042cde967b,Government employee
alumni-8d4c9f1fbf30,Hakim
alumni-8ea44258ce09,Journalist
alumni-8ef52ac6fdb3,AIDS activism
alumni-8ef52ac6fdb3,AIDS activists
alumni-8ef52ac6fdb3,Beauty pageant
alumni-8ef52ac6fdb3,Gravure idol
alumni-8ef52ac6fdb3,HIV
alumni-8ef52ac6fdb3,List of HIV
alumni-8ef52ac6fdb3,Ministry of Tourism (Indonesia)
alumni-8ef52ac6fdb3,Ministry of Tourism and Creative Economy
alumni-8ef52ac6fdb3,Model (person)
alumni-8ef52ac6fdb3,TV Commercial model
alumni-8fc6f4c23b89,lektor
alumni-8fc6f4c23b89,politikus
alumni-90032da23fa3,Engineer
alumni-90032da23fa3,Politician
alumni-90032da23fa3,akademisi
alumni-90032da23fa3,politikus
alumni-90ccc6723d10,Model
alumni-90ccc6723d10,beauty pageant titleholder
alumni-9424dea9b7ae,ekonom
alumni-957d4d5e54aa,Investigative journalism
alumni-957d4d5e54aa,Investigative journalist
alumni-957d4d5e54aa,documentary filmmaker
alumni-964f6b1a0d3a,Independent researcher
alumni-964f6b1a0d3a,Philanthropist
alumni-964f6b1a0d3a,and micro-hydropower inventor
alumni-964f6b1a0d3a,philanthropist
alumni-964f6b1a0d3a,social activist
alumni-964f6b1a0d3a,social entrepreneur
alumni-9683c2cfed4a,Economist
alumni-9683c2cfed4a,ekonom
alumni-9683c2cfed4a,lektor
alumni-9683c2cfed4a,peneliti
alumni-96bcc35eff14,career diplomat
alumni-97a3ef13ce10,Military officer
alumni-98c3872ad4f4,Da'i
alumni-98c3872ad4f4,Politician
alumni-98c3872ad4f4,Ulama
alumni-98c3872ad4f4,da'i
alumni-98c3872ad4f4,islamic scholar
alumni-991f305cba46,data scientist
alumni-991f305cba46,managing editor
alumni-991f305cba46,peneliti
alumni-991f305cba46,pengusaha
alumni-991f305cba46,penulis
alumni-99c7ea49c64f,Founder of Into The Light Indonesia
alumni-99c7ea49c64f,Into The Light Indonesia
alumni-99c7ea49c64f,Suicidologist
alumni-9a45321c8f6f,Politician
alumni-9bd52ddb5c79,Beauty Pageant Titleholder
alumni-9bd52ddb5c79,Beauty pageant
alumni-9bd52ddb5c79,Commercial Model
alumni-9bd52ddb5c79,Ministry of Environment and Forestry of Indonesia
alumni-9bd52ddb5c79,Model
alumni-9d2203aa2be2,Politician
alumni-9d2203aa2be2,businessman
alumni-9dc05e4b4fb6,Hakim
alumni-9dd210896ac2,Journalist
alumni-9dd210896ac2,actress
alumni-9dd210896ac2,presenter
alumni-9e1be8edf72a,Lecturer
alumni-9e1be8edf72a,constitutional law expert
alumni-9e1be8edf72a,writer
alumni-9e88f651b870,career diplomat
alumni-9e88f651b870,pegawai negeri sipil
alumni-9eabffb4fa40,Actor
alumni-9eabffb4fa40,Comedian
alumni-9eabffb4fa40,Singer
alumni-9f0e7beb9d30,Former CEO and president director of Pertamina
alumni-9f0e7beb9d30,Pertamina
alumni-a0387ea162a5,Chemical Engineer
alumni-a0387ea162a5,Inventor
alumni-a0387ea162a5,Professor
alumni-a075508ceb4d,pegawai negeri sipil
alumni-a075508ceb4d,politikus
alumni-a1c8bb898665,Politician
alumni-a1f3468610db,Officer (armed forces)
alumni-a1f3468610db,Politician
alumni-a2490b1da4e3,Professor
alumni-a2490b1da4e3,pegawai negeri sipil
alumni-a2490b1da4e3,writer
alumni-a2f2d64906bc,Film director
alumni-a5b1c62aaf44,ilmuwan komputer
alumni-a5b1c62aaf44,pegawai negeri sipil
alumni-a5b1c62aaf44,peneliti
alumni-a61783281bb2,Physician
alumni-a61783281bb2,Physician and politician
alumni-a61783281bb2,Politician
alumni-a67e0e7a0858,Justice (title)
alumni-a6ad9ac7bee5,Singer
alumni-a6ad9ac7bee5,celebrity
alumni-a6ad9ac7bee5,dancer
alumni-a6ad9ac7bee5,rapper
alumni-a7a7c8e40fdb,Radio broadcasting
alumni-a7a7c8e40fdb,Radio station
alumni-a7a7c8e40fdb,Rapper
alumni-a7a7c8e40fdb,actor
alumni-a7a7c8e40fdb,comedian
alumni-a7a7c8e40fdb,presenter
alumni-a7a7c8e40fdb,radio broadcaster
alumni-a7a7c8e40fdb,writer
alumni-a82ad79f2502,dosen
alumni-a82ad79f2502,politikus
alumni-a9c4ffa0de7b,dosen
alumni-a9c4ffa0de7b,entomolog
alumni-a9c4ffa0de7b,lektor
alumni-a9f504dd1688,ilmuwan komputer
alumni-a9f504dd1688,lektor
alumni-a9f504dd1688,pegawai negeri sipil
alumni-aa36ea120821,Model
alumni-aa689bc31945,Diplomat
alumni-aa689bc31945,journalist
alumni-ab974104fd0b,Fashion designer
alumni-ab974104fd0b,journalist
alumni-ad2011d225af,diplomat
alumni-ad2011d225af,jurnalis
alumni-ad2011d225af,politikus
alumni-ae2f8bcae6d5,Emergency physician
alumni-aecf4e69ac06,jaksa
alumni-aecf4e69ac06,pegawai negeri sipil
alumni-afbdeb496b87,ilmuwan komputer
alumni-afbdeb496b87,lektor
alumni-afbdeb496b87,pegawai negeri sipil
alumni-b0072ff1d0ff,Businessman
alumni-b0378c9884ed,Beauty pageant titleholder
alumni-b0378c9884ed,Supermodel
alumni-b0aaef12fc93,Economist
alumni-b12dd490bf22,Actress
alumni-b12dd490bf22,Gravure idol
alumni-b12dd490bf22,Model (person)
alumni-b1c4345b5d4a,Politician
alumni-b1c6a4cc0770,TV Presenter
alumni-b1c6a4cc0770,fashion model
alumni-b1c6a4cc0770,project engineer
alumni-b2c35c25289b,Academician
alumni-b30fb17bd55c,Celebrity
alumni-b30fb17bd55c,Gravure idol
alumni-b30fb17bd55c,Model (person)
alumni-b30fb17bd55c,Presenter
alumni-b35cfd5ac9ae,profesor
alumni-b418f7d5edd8,Politician
alumni-b418f7d5edd8,Senator
alumni-b418f7d5edd8,Ulama
alumni-b418f7d5edd8,lecturer
alumni-b4b539d6bda5,Director of Puteri Indonesia
alumni-b4b539d6bda5,Puteri Indonesia
alumni-b4b539d6bda5,businessperson
alumni-b4b539d6bda5,politician
alumni-b696c416e8b9,Actress
alumni-b696c416e8b9,model
alumni-b696c416e8b9,presenter
alumni-b83e5abf0795,profesor
alumni-b8541d8c6e68,akademisi
alumni-b8b3b630ad6b,arsitek
alumni-b8b3b630ad6b,pegawai negeri sipil
alumni-b8b3b630ad6b,politikus
alumni-b8bcef9f8338,Lawyer
alumni-b8bcef9f8338,businessman
alumni-b8f2e7da7c39,Film director
alumni-b8f2e7da7c39,Film producer
alumni-b8f2e7da7c39,Screenwriter
alumni-b946f78d8692,dosen
alumni-b946f78d8692,ulama
alumni-b95f9419d32b,pegawai negeri sipil
alumni-b9fabf0a15be,ekonom
alumni-b9fabf0a15be,komisaris
alumni-b9fabf0a15be,pegawai negeri sipil
alumni-b9fabf0a15be,politikus
alumni-ba51c9cfa1b6,Lawyer
alumni-ba51c9cfa1b6,businessman
alumni-ba51c9cfa1b6,presenter
alumni-ba9de80e77b8,dosen
alumni-ba9de80e77b8,pegawai negeri sipil
alumni-ba9de80e77b8,peneliti
alumni-bb2cbaa85323,lektor
alumni-bb2cbaa85323,pegawai negeri sipil
alumni-bbb469f9f9ee,Hakim
alumni-bbb469f9f9ee,dosen
alumni-bbb469f9f9ee,pegawai negeri sipil
alumni-bbc1fe97cb24,Actor
alumni-bbc1fe97cb24,singer
alumni-bbd780ca73cf,Businessperson
alumni-bbd780ca73cf,politician
alumni-be15aaa425e1,Songwriter
alumni-be15aaa425e1,singer
alumni-be15aaa425e1,writer
alumni-be673ebd0a8a,diplomat
alumni-be673ebd0a8a,dosen
alumni-beacabd37c90,Writer
alumni-beacabd37c90,journalist
alumni-c048e2a934c0,Journalist
alumni-c048e2a934c0,political activist
alumni-c0d7d15e2932,Businessman
alumni-c0d7d15e2932,Islamic scholar
alumni-c0d7d15e2932,Philanthropist
alumni-c0d7d15e2932,Ulama
alumni-c1f40f6d514f,dosen
alumni-c1f40f6d514f,politikus
alumni-c2a6a512739c,akademisi
alumni-c2a6a512739c,lektor
alumni-c2a6a512739c,pegawai negeri sipil
alumni-c3c1a11c4100,Politician
alumni-c3c9f5462a5b,Politician
alumni-c3c9f5462a5b,army officer
alumni-c413fd6b1667,writer
alumni-c481ba26db5f,Businessman
alumni-c481ba26db5f,Politician
alumni-c531288c4534,Martial artist
alumni-c531288c4534,athlete
alumni-c5efc3477d07,Lawyer
alumni-c68e517a1091,Jurist
alumni-c68e517a1091,judge
alumni-c68e517a1091,jurist
alumni-c68e517a1091,professor of constitutional law
alumni-c6f9134dcfac,akademisi
alumni-c7d0ebc0cc7d,petugas polisi
alumni-c7d0ebc0cc7d,politikus
alumni-c83e90ad9df8,matematikawan
alumni-c9e82fd4f471,direktur utama
alumni-c9e82fd4f471,pebisnis
alumni-c9e82fd4f471,politikus
alumni-c9e82fd4f471,reporter
alumni-ca041cf72424,Businessman
alumni-ca8c4caeb4e8,politikus
alumni-cab7b13890bb,Diplomat
alumni-cac3980fc5bd,Komisaris utama
alumni-cac3980fc5bd,akademisi
alumni-cac3980fc5bd,komisaris
alumni-cac3980fc5bd,pegawai negeri sipil
alumni-cb41f8d462ec,akademisi
alumni-cbbf9146c5ed,Diplomat and Businessman
alumni-cbc19d45af97,peneliti
alumni-cd0197065b17,Academic
alumni-cd0197065b17,Academic staff
alumni-cd0197065b17,Civil servant
alumni-cd0197065b17,Civil service
alumni-cd0197065b17,Lecturer
alumni-cd0197065b17,Professor
alumni-cd0940255175,Academic
alumni-cd0940255175,Academic staff
alumni-cd0940255175,Politician
alumni-cd63e37dc06d,Actress
alumni-cd63e37dc06d,Model
alumni-cd63e37dc06d,TV Host
alumni-cdd01e9589d7,Administrasi proyek
alumni-cdd01e9589d7,Wikimediawan
alumni-ceb6a4e35f82,Internet entrepreneur
alumni-cfbc50783b40,pegawai negeri sipil
alumni-cfbc50783b40,politikus
alumni-d00b8df441fd,Indonesian People's Consultative Assembly Ambassador
alumni-d00b8df441fd,People's Consultative Assembly
alumni-d00b8df441fd,beauty pageant titleholder
alumni-d00b8df441fd,medical practitioner
alumni-d00b8df441fd,model
alumni-d00fc82a7163,Indonesian Minister for Energy and Mineral Resources
alumni-d090b06d7604,lektor
alumni-d090b06d7604,pegawai negeri sipil
alumni-d090b06d7604,peneliti
alumni-d1866cc8e8a2,lektor
alumni-d1866cc8e8a2,pegawai negeri sipil
alumni-d20dc8f6cefd,politikus
alumni-d21a7700cb89,Engineer
alumni-d21a7700cb89,bureaucrat
alumni-d397624b65c0,lektor
alumni-d397624b65c0,pegawai negeri sipil
alumni-d437340fdcd9,dosen
alumni-d437340fdcd9,metallurgist
alumni-d437340fdcd9,pegawai negeri sipil
alumni-d4565e639e68,dosen
alumni-d4565e639e68,politikus
alumni-d45e3c3e7954,agronom
alumni-d45e3c3e7954,dosen
alumni-d45e3c3e7954,politikus
alumni-d46922f146a1,pengusaha
alumni-d51dd52d2bf6,Civil servant
alumni-d57ec60a253a,diplomat
alumni-d57ec60a253a,dosen
alumni-d57ec60a253a,pengacara
alumni-d57ec60a253a,politikus
alumni-d58639c8d09a,Lawyer
alumni-d58639c8d09a,businessman
alumni-d58639c8d09a,presenter
alumni-d6de3d8a94ad,Actor
alumni-d6de3d8a94ad,Actress
alumni-d6de3d8a94ad,model
alumni-d6de3d8a94ad,presenter
alumni-d72629d6500d,dosen
alumni-d72629d6500d,pegawai negeri sipil
alumni-d8467ca04365,Composer
alumni-d8467ca04365,Diplomat
alumni-d8467ca04365,Indonesian Army
alumni-d8d085d7484a,ahli biologi
alumni-d8d085d7484a,dosen
alumni-d8d085d7484a,politikus
alumni-d94a874395bc,akademisi
alumni-d97153f6e050,Politician
alumni-d97153f6e050,engineer
alumni-da73aebc9d8f,Politician
alumni-db4098f726a1,Bureaucrat
alumni-db4098f726a1,Politician
alumni-dcc275e60406,Director
alumni-dcc275e60406,Film director
alumni-dcc275e60406,screenwriter
alumni-dd6442fa6a23,Activist
alumni-dd6442fa6a23,Content creator
alumni-dd6442fa6a23,Teacher
alumni-dd6a147d343f,pegawai negeri sipil
alumni-dd77ce54fc89,ulama
alumni-dd8eef53b227,Activist
alumni-dd8eef53b227,businessman
alumni-ded2fdf05202,akademisi
alumni-dfcd33f765f4,Economist
alumni-dfcd33f765f4,Lecturer
alumni-dfcd33f765f4,Politician
alumni-dfcd33f765f4,Writer
alumni-e02ad8633b13,Actress
alumni-e02ad8633b13,Radio personality
alumni-e02ad8633b13,radio personality
alumni-e02ad8633b13,singer
alumni-e04b51e7ecf0,Professor
alumni-e04b51e7ecf0,writer
alumni-e2061c074d23,Beauty pageant titleholders
alumni-e2061c074d23,doctor
alumni-e2061c074d23,fashion model
alumni-e2061c074d23,presenter
alumni-e220ae4c892c,Artist
alumni-e220ae4c892c,painter
alumni-e220ae4c892c,poet
alumni-e220ae4c892c,stage-designer
alumni-e220ae4c892c,theater-director
alumni-e220ae4c892c,writer
alumni-e249de692b96,Politician
alumni-e26a490c67f2,aktivis
alumni-e26a490c67f2,pembawa acara
alumni-e26a490c67f2,pemeran
alumni-e26a490c67f2,penulis
alumni-e28d3faf9988,Barrister
alumni-e28d3faf9988,International human rights law
alumni-e3c6419fb334,diplomat
alumni-e494e3b9cf4b,dosen
alumni-e494e3b9cf4b,pegawai negeri sipil
alumni-e494e3b9cf4b,peneliti
alumni-e76c11b4f57f,matematikawan
alumni-e78432095b66,ilmuwan komputer
alumni-e78432095b66,lektor
alumni-e78432095b66,pegawai negeri sipil
alumni-e94a6db4f835,Politician
alumni-e97fd17f1ecc,Politician
alumni-e9e7fc817f24,Academician
alumni-e9e7fc817f24,Engineer
alumni-e9e7fc817f24,Politician
alumni-e9e7fc817f24,Researcher
alumni-eca7029bca94,Lawyer
alumni-eca7029bca94,Politician
alumni-ef91e50be813,peneliti
alumni-ef9cbc0c5362,dosen
alumni-ef9cbc0c5362,politikus
alumni-efe36937ad63,Bureaucrat
alumni-efe36937ad63,Indonesian Army
alumni-efe36937ad63,Politician
alumni-f15d6e3d8964,Founder of AA GYM
alumni-f15d6e3d8964,Islamic preacher
alumni-f15d6e3d8964,author
alumni-f15d6e3d8964,entrepreneur
alumni-f15d6e3d8964,founder of the Da'arut Tauhiid Pondok Pesantren
alumni-f15d6e3d8964,singer
alumni-f20f8f1f4e72,Businessman and politician
alumni-f2f5b6b0cb71,Academic
alumni-f2f5b6b0cb71,Academic staff
alumni-f2f5b6b0cb71,Politician
alumni-f3860930d2b9,diplomat
alumni-f3860930d2b9,dosen
alumni-f3860930d2b9,politikus
alumni-f39456476314,Artist
alumni-f39456476314,Financial analyst
alumni-f39456476314,Gravure idol
alumni-f39456476314,Model (person)
alumni-f39456476314,Television presenter
alumni-f55cf27f4f5c,Public servant
alumni-f55cf27f4f5c,diplomat
alumni-f575ce582fb5,Lecturer
alumni-f5fbe0fc78dd,Politician
alumni-f5fbe0fc78dd,businessperson
alumni-f714ac9ad39d,Lecturer
alumni-f714ac9ad39d,writer
alumni-f7edd57aa14b,Politician
alumni-f820b7822267,Kompas
alumni-f820b7822267,President director and founder of kompas daily
alumni-f865feeac4bf,Executive Director of Indonesian Human Rights Monitor
alumni-f865feeac4bf,Lawyer
alumni-f92ea0df17ee,Novelist
alumni-f92ea0df17ee,Theologian
alumni-f987b873f505,manajer olahraga
alumni-f987b873f505,politikus
alumni-f9ea926e1f4e,diplomat
alumni-f9ea926e1f4e,pegawai negeri sipil
alumni-faf7c0be1a74,dosen
alumni-fb15673ba669,Politician
alumni-fb15673ba669,Ulama
alumni-fb7c09c68dd3,ahli biologi
alumni-fb7c09c68dd3,dosen
alumni-fb7c09c68dd3,politikus
alumni-fc1d97f9c349,diplomat
alumni-fc1d97f9c349,pegawai negeri sipil
alumni-fcee7cc50b68,doctor and politician
alumni-fdc83d3ffb32,Journalist
alumni-fdcbad7fe45b,Wikimedian
alumni-fdcbad7fe45b,Writer
alumni-fdcbad7fe45b,literature activist
alumni-fea6fda58a6e,Politician
alumni-ff5d6c2946d7,career diplomat
alumni-ff8ad7eb6a36,Politican
